fy,fx,m,x,y,phi,t
0,-10,-3,-0.0429836,0.120573,0.0005521832113735389,37.35422897338867
0,-10,-2,-0.0429653,0.0802245,0.000368114883334939,36.71698188781738
0,-10,-1,-0.0429572,0.0400401,0.0001840581026850023,41.99638319015503
0,-10,0,-0.0429589,-6.45697e-05,5.806473341763282e-09,34.14135932922363
0,-10,1,-0.0429572,0.0400401,0.0001840581026850023,35.29677176475525
0,-10,2,-0.0429653,0.0802245,0.000368114883334939,36.58373212814331
0,-10,3,-0.0429836,0.120573,0.0005521832113735389,37.38219380378723
0.5,-10,-3,-0.287417,9.99608,0.0006920350496726771,84.61539244651794
0.5,-10,-2,-0.283111,9.90777,0.0004917052164461293,40.829771757125854
0.5,-10,-1,-0.279675,9.83527,0.00029209795312303965,39.95777249336243
0.5,-10,0,-0.277061,9.778,9.298745645762846e-05,40.23288369178772
0.5,-10,1,-0.279675,9.83527,0.00029209795312303965,48.583258867263794
0.5,-10,2,-0.283111,9.90777,0.0004917052164461293,48.415258169174194
0.5,-10,3,-0.287417,9.99608,0.0006920350496726771,40.81412601470947
1,-10,-3,-1.00561,19.8075,0.0009637014498015182,48.62475943565369
1,-10,-2,-0.990234,19.6532,0.0007145708474074608,43.286526679992676
1,-10,-1,-0.978279,19.5303,0.0004683698229053826,42.95860815048218
1,-10,0,-0.969547,19.4378,0.0002241881054807015,41.44559335708618
1,-10,1,-0.978279,19.5303,0.0004683698229053826,41.983299016952515
1,-10,2,-0.990234,19.6532,0.0007145708474074608,54.60780382156372
1,-10,3,-1.00561,19.8075,0.0009637014498015182,52.753034830093384
2,-10,-3,-3.77482,38.8573,0.0020511703237262504,58.69466423988342
2,-10,-2,-3.70677,38.5184,0.001601040186435487,58.52925205230713
2,-10,-1,-3.65278,38.2443,0.001165876456925096,56.66216444969177
2,-10,0,-3.61179,38.0313,0.0007415520785366454,61.0331916809082
2,-10,1,-3.65278,38.2443,0.001165876456925096,58.27096891403198
2,-10,2,-3.70677,38.5184,0.001601040186435487,58.02205944061279
2,-10,3,-3.77482,38.8573,0.0020511703237262504,62.51581001281738
3,-10,-3,-8.04475,56.601,0.004058375288876495,64.73066639900208
3,-10,-2,-7.87038,56.0185,0.0032606483312517215,61.19334578514099
3,-10,-1,-7.72805,55.5338,0.002505170595775261,61.29506301879883
3,-10,0,-7.6157,55.143,0.001781685879372305,49.20733070373535
3,-10,1,-7.72805,55.5338,0.002505170595775261,52.415952920913696
3,-10,2,-7.87038,56.0185,0.0032606483312517215,57.071582555770874
3,-10,3,-8.04475,56.601,0.004058375288876495,51.25803995132446
4,-10,-3,-13.4114,72.6812,0.007137860398564041,80.43588590621948
4,-10,-2,-13.0853,71.857,0.005845064555879984,85.51536536216736
4,-10,-1,-12.8291,71.1969,0.0046470633224878054,51.05433487892151
4,-10,0,-12.6092,70.6178,0.0035064485531961943,46.06166076660156
4,-10,1,-12.8291,71.1969,0.0046470633224878054,46.56178307533264
4,-10,2,-13.0853,71.857,0.005845064555879984,82.9074718952179
4,-10,3,-13.4114,72.6812,0.007137860398564041,81.39161014556885
5,-10,-3,-19.5868,87.2093,0.011447985548492584,85.11997628211975
5,-10,-2,-19.0354,86.0845,0.009473635070136082,80.54615473747253
5,-10,-1,-18.5807,85.1363,0.007668763176922239,85.62672472000122
5,-10,0,-18.2097,84.345,0.005992151552106313,100.59752178192139
5,-10,1,-18.5807,85.1363,0.007668763176922239,113.38337850570679
5,-10,2,-19.0354,86.0845,0.009473635070136082,127.06147694587708
5,-10,3,-19.5868,87.2093,0.011447985548492584,129.57132744789124
6,-10,-3,-26.2542,100.153,0.017040132491172116,119.93840050697327
6,-10,-2,-25.42,98.7241,0.01418757202745955,116.16298747062683
6,-10,-1,-24.7321,97.5163,0.011627277949609877,112.04795837402344
6,-10,0,-24.1684,96.5024,0.009287856354632704,97.80448007583618
6,-10,1,-24.7321,97.5163,0.011627277949609877,80.76580119132996
6,-10,2,-25.42,98.7241,0.01418757202745955,78.55106711387634
6,-10,3,-26.2542,100.153,0.017040132491172116,78.09178709983826
7,-10,-3,-32.9785,111.32,0.02357550469000847,47.722758293151855
7,-10,-2,-31.931,109.771,0.019848773684009238,46.9021155834198
7,-10,-1,-31.027,108.397,0.016463697013692397,46.91497778892517
7,-10,0,-30.2647,107.208,0.013371716072039476,49.98525381088257
7,-10,1,-31.027,108.397,0.016463697013692397,48.81886172294617
7,-10,2,-31.931,109.771,0.019848773684009238,50.33761405944824
7,-10,3,-32.9785,111.32,0.02357550469000847,50.58262324333191
8,-10,-3,-40.5807,122.263,0.032630052840066995,109.19973015785217
8,-10,-2,-38.8808,120.062,0.027093779277221355,133.12569904327393
8,-10,-1,-37.5882,118.336,0.022493561068778326,94.70328092575073
8,-10,0,-36.5191,116.866,0.018399708857510185,81.17478585243225
8,-10,1,-37.5882,118.336,0.022493561068778326,84.9828085899353
8,-10,2,-38.8808,120.062,0.027093779277221355,82.22438907623291
8,-10,3,-40.5807,122.263,0.032630052840066995,87.03931832313538
9,-10,-3,-48.1102,131.799,0.04294729584252223,109.96845817565918
9,-10,-2,-45.8927,129.256,0.03561493910533344,70.74633145332336
9,-10,-1,-43.7465,126.684,0.028836322879322602,98.96422719955444
9,-10,0,-42.4805,125.12,0.023880263510573534,109.15239644050598
9,-10,1,-43.7465,126.684,0.028836322879322602,55.09815573692322
9,-10,2,-45.8927,129.256,0.03561493910533344,59.10300850868225
9,-10,3,-48.1102,131.799,0.04294729584252223,91.66512417793274
10,-10,-3,-55.9408,140.608,0.05539439580973569,105.26389741897583
10,-10,-2,-52.9855,137.582,0.04553653691536804,97.76846170425415
10,-10,-1,-50.7209,135.159,0.037636468544230646,104.3311607837677
10,-10,0,-48.9345,133.176,0.031006175107539547,87.99189591407776
10,-10,1,-50.7209,135.159,0.037636468544230646,91.82313799858093
10,-10,2,-52.9855,137.582,0.04553653691536804,88.96185946464539
10,-10,3,-55.9408,140.608,0.05539439580973569,142.01947259902954
12,-10,-3,-72.5892,156.406,0.0877559590782036,103.2174334526062
12,-10,-2,-67.58,152.277,0.07041005537035376,86.60957503318787
12,-10,-1,-63.9469,149.088,0.057497808799387665,86.47428345680237
12,-10,0,-61.1999,146.554,0.04728217470645006,86.04420399665833
12,-10,1,-63.9469,149.088,0.057497808799387665,95.52554440498352
12,-10,2,-67.58,152.277,0.07041005537035376,126.43181276321411
12,-10,3,-72.5892,156.406,0.0877559590782036,89.15458583831787
14,-10,-3,-93.2165,171.657,0.14034585573637032,143.8108274936676
14,-10,-2,-83.2769,165.2,0.10439783521692945,125.68001627922058
14,-10,-1,-77.4025,160.949,0.08288273367202602,85.70291376113892
14,-10,0,-73.089,157.593,0.06664400282581634,85.73217535018921
14,-10,1,-77.4025,160.949,0.08288273367202602,88.54513907432556
14,-10,2,-83.2769,165.2,0.10439783521692945,116.73673462867737
14,-10,3,-93.2165,171.657,0.14034585573637032,128.41575026512146
16,-10,-3,-123.082,187.343,0.23483496291098047,167.40083074569702
16,-10,-2,-99.4464,176.09,0.145805577914964,119.18622922897339
16,-10,-1,-91.1448,171.15,0.11413750716150113,116.16320180892944
16,-10,0,-85.3515,167.348,0.09163879861230038,84.29733943939209
16,-10,1,-91.1448,171.15,0.11413750716150113,70.8157286643982
16,-10,2,-99.4464,176.09,0.145805577914964,74.46210527420044
16,-10,3,-123.082,187.343,0.23483496291098047,101.60475492477417
18,-10,-3,-149.647,196.561,0.3203096541756223,114.64214158058167
18,-10,-2,-119.847,186.797,0.2086504686298472,98.3450379371643
18,-10,-1,-105.27,179.952,0.15149114797067045,69.1107587814331
18,-10,0,-97.2735,175.532,0.11957578512772357,72.53309535980225
18,-10,1,-105.27,179.952,0.15149114797067045,66.69726991653442
18,-10,2,-119.847,186.797,0.2086504686298472,101.7828197479248
18,-10,3,-149.647,196.561,0.3203096541756223,117.25876712799072
20,-10,-3,-161.859,199.805,0.3541174466734934,109.34573769569397
20,-10,-2,-137.27,193.871,0.2640457271608884,86.57451009750366
20,-10,-1,-119.474,187.322,0.1933897142825133,78.80345463752747
20,-10,0,-108.883,182.432,0.15007778819662435,77.51575517654419
20,-10,1,-119.474,187.322,0.1933897142825133,80.80299663543701
20,-10,2,-137.27,193.871,0.2640457271608884,88.44702243804932
20,-10,3,-161.859,199.805,0.3541174466734934,109.57925987243652
0,-5,-3,-0.0214852,0.0849302,0.0005516847596249738,20.073102712631226
0,-5,-2,-0.0214761,0.0565853,0.0003677846454295272,20.852121114730835
0,-5,-1,-0.0214734,0.0282742,0.0001838919515643745,20.39678955078125
0,-5,0,-0.0214769,-2.12326e-05,3.225812487152916e-09,19.771262168884277
0,-5,1,-0.0214734,0.0282742,0.0001838919515643745,20.086156606674194
0,-5,2,-0.0214761,0.0565853,0.0003677846454295272,21.68656039237976
0,-5,3,-0.0214852,0.0849302,0.0005516847596249738,24.32608389854431
0.5,-5,-3,-0.131623,6.73816,0.00063391545826229,21.94383478164673
0.5,-5,-2,-0.130158,6.69185,0.00044345056386230577,21.498390197753906
0.5,-5,-1,-0.128932,6.65174,0.000253174710822389,21.57463788986206
0.5,-5,0,-0.127938,6.61772,6.301302510309956e-05,21.06905722618103
0.5,-5,1,-0.128932,6.65174,0.000253174710822389,21.263537406921387
0.5,-5,2,-0.130158,6.69185,0.00044345056386230577,21.231098413467407
0.5,-5,3,-0.131623,6.73816,0.00063391545826229,21.455602169036865
1,-5,-3,-0.457874,13.3951,0.0007666405379104473,22.749486923217773
1,-5,-2,-0.453133,13.3232,0.0005563239589266241,23.165017127990723
1,-5,-1,-0.449369,13.2644,0.0003467748508253285,23.112369775772095
1,-5,0,-0.446546,13.2182,0.00013773574958529002,23.327494621276855
1,-5,1,-0.449369,13.2644,0.0003467748508253285,23.766530513763428
1,-5,2,-0.453133,13.3232,0.0005563239589266241,23.265225887298584
1,-5,3,-0.457874,13.3951,0.0007666405379104473,23.082059383392334
2,-5,-3,-1.74081,26.5356,0.0012290356038660091,25.57721471786499
2,-5,-2,-1.72205,26.3974,0.0009383253321176312,24.612149000167847
2,-5,-1,-1.70723,26.2857,0.00065122739497744,24.451141119003296
2,-5,0,-1.69617,26.1995,0.00036671060733134376,26.072885036468506
2,-5,1,-1.70723,26.2857,0.00065122739497744,27.06109309196472
2,-5,2,-1.72205,26.3974,0.0009383253321176312,25.892107725143433
2,-5,3,-1.74081,26.5356,0.0012290356038660091,26.828450679779053
3,-5,-3,-3.81061,39.2902,0.002025359909420738,27.247676849365234
3,-5,-2,-3.76463,39.0659,0.0015982628904529378,27.078921794891357
3,-5,-1,-3.72763,38.8818,0.0011810362806981632,27.911935806274414
3,-5,0,-3.6991,38.7361,0.0007709055598838309,26.72897219657898
3,-5,1,-3.72763,38.8818,0.0011810362806981632,26.088293313980103
3,-5,2,-3.76463,39.0659,0.0015982628904529378,25.891948699951172
3,-5,3,-3.81061,39.2902,0.002025359909420738,25.75460910797119
4,-5,-3,-6.5563,51.4273,0.0032181907433773333,24.260343074798584
4,-5,-2,-6.47177,51.1182,0.0026010992987384224,38.713316440582275
4,-5,-1,-6.40191,50.8579,0.002003037332929027,38.74468922615051
4,-5,0,-6.34602,50.6446,0.0014192303473711775,41.012611865997314
4,-5,1,-6.40191,50.8579,0.002003037332929027,38.05594873428345
4,-5,2,-6.47177,51.1182,0.0026010992987384224,38.228235483169556
4,-5,3,-6.5563,51.4273,0.0032181907433773333,39.217429876327515
5,-5,-3,-9.91682,63.0253,0.004898273924758324,42.93407845497131
5,-5,-2,-9.76597,62.5827,0.004022755089257927,93.19457507133484
5,-5,-1,-9.64143,62.2105,0.0031850942230342363,41.79834818840027
5,-5,0,-9.5402,61.9014,0.002375229001698348,39.051098346710205
5,-5,1,-9.64143,62.2105,0.0031850942230342363,40.70841121673584
5,-5,2,-9.76597,62.5827,0.004022755089257927,62.72738480567932
5,-5,3,-9.91682,63.0253,0.004898273924758324,47.873363971710205
6,-5,-3,-13.7288,73.8366,0.007079149802522706,42.19628691673279
6,-5,-2,-13.498,73.2703,0.005888284852722552,41.80025291442871
6,-5,-1,-13.3049,72.7875,0.004758019401462864,43.11481714248657
6,-5,0,-13.1459,72.3818,0.0036741817558566484,44.49402976036072
6,-5,1,-13.3049,72.7875,0.004758019401462864,41.16923522949219
6,-5,2,-13.498,73.2703,0.005888284852722552,40.580580711364746
6,-5,3,-13.7288,73.8366,0.007079149802522706,44.67575192451477
7,-5,-3,-17.9011,83.9012,0.009803879423967708,47.430213928222656
7,-5,-2,-17.5724,83.2073,0.008233192372392548,46.13798117637634
7,-5,-1,-17.2949,82.6102,0.006754012413078708,48.53713083267212
7,-5,0,-17.0639,82.1027,0.005347666807211561,48.009809732437134
7,-5,1,-17.2949,82.6102,0.006754012413078708,46.78757572174072
7,-5,2,-17.5724,83.2073,0.008233192372392548,47.71205258369446
7,-5,3,-17.9011,83.9012,0.009803879423967708,48.161155223846436
8,-5,-3,-22.3589,93.266,0.013113835210286615,49.99935603141785
8,-5,-2,-21.9074,92.4291,0.011088069901091372,51.05269813537598
8,-5,-1,-21.5263,91.7083,0.009199479318738801,53.20559644699097
8,-5,0,-21.2073,91.0922,0.007418458717869247,49.82432723045349
8,-5,1,-21.5263,91.7083,0.009199479318738801,48.94388127326965
8,-5,2,-21.9074,92.4291,0.011088069901091372,48.24626922607422
8,-5,3,-22.3589,93.266,0.013113835210286615,49.57356524467468
9,-5,-3,-27.0151,101.935,0.017019386078521683,46.383827924728394
9,-5,-2,-26.2176,100.602,0.014219139297935413,47.66263723373413
9,-5,-1,-25.851,99.9873,0.01202906713878168,42.93630051612854
9,-5,0,-25.4769,99.3429,0.009876109001849553,48.705832958221436
9,-5,1,-25.851,99.9873,0.01202906713878168,43.22105264663696
9,-5,2,-26.2176,100.602,0.014219139297935413,43.240474224090576
9,-5,3,-27.0151,101.935,0.017019386078521683,49.83383321762085
10,-5,-3,-31.7461,109.857,0.021431002931908968,45.39714336395264
10,-5,-2,-31.0454,108.814,0.01835456951541123,45.279714584350586
10,-5,-1,-30.4226,107.866,0.015479746057711912,42.519675493240356
10,-5,0,-29.8881,107.033,0.012795895344025936,41.94311213493347
10,-5,1,-30.4226,107.866,0.015479746057711912,41.35225009918213
10,-5,2,-31.0454,108.814,0.01835456951541123,42.50968384742737
10,-5,3,-31.7461,109.857,0.021431002931908968,42.63154673576355
12,-5,-3,-41.555,124.132,0.03217118132267526,41.621055364608765
12,-5,-2,-40.5011,122.823,0.027742854433913753,44.57961583137512
12,-5,-1,-39.5759,121.644,0.023645617938813073,42.41016602516174
12,-5,0,-38.7773,120.601,0.019853804009006184,41.470415353775024
12,-5,1,-39.5759,121.644,0.023645617938813073,44.027618169784546
12,-5,2,-40.5011,122.823,0.027742854433913753,41.021814584732056
12,-5,3,-41.555,124.132,0.03217118132267526,43.64808130264282
14,-5,-3,-51.8754,136.807,0.04641229601827693,49.7425012588501
14,-5,-2,-49.7608,134.548,0.03861441989751869,49.30566120147705
14,-5,-1,-48.6238,133.305,0.033400220520887265,53.26168131828308
14,-5,0,-47.5892,132.143,0.028467919667927034,53.24922585487366
14,-5,1,-48.6238,133.305,0.033400220520887265,54.69878888130188
14,-5,2,-49.7608,134.548,0.03861441989751869,53.72795557975769
14,-5,3,-51.8754,136.807,0.04641229601827693,53.91952323913574
16,-5,-3,-61.8161,147.36,0.06212735487136242,54.30204749107361
16,-5,-2,-59.7388,145.454,0.05357069762743903,58.96747326850891
16,-5,-1,-57.9437,143.75,0.04592119963080553,54.837098121643066
16,-5,0,-56.4114,142.248,0.03906620551031589,54.57333970069885
16,-5,1,-57.9437,143.75,0.04592119963080553,53.61364960670471
16,-5,2,-59.7388,145.454,0.05357069762743903,53.953500747680664
16,-5,3,-61.8161,147.36,0.06212735487136242,51.34551548957825
18,-5,-3,-72.584,157.253,0.08319922867407731,52.4168119430542
18,-5,-2,-69.3705,154.686,0.07019578028810255,49.98846912384033
18,-5,-1,-67.0189,152.726,0.06016031903723881,88.29447054862976
18,-5,0,-64.9625,150.945,0.051086967844287824,47.387030363082886
18,-5,1,-67.0189,152.726,0.06016031903723881,89.8891167640686
18,-5,2,-69.3705,154.686,0.07019578028810255,50.464417457580566
18,-5,3,-72.584,157.253,0.08319922867407731,50.92685079574585
20,-5,-3,-82.6173,165.372,0.10449236624558572,85.02146458625793
20,-5,-2,-78.5813,162.536,0.08775851004168717,50.593231201171875
20,-5,-1,-75.8582,160.524,0.07600210741445325,50.80998611450195
20,-5,0,-73.0577,158.359,0.06369157522053136,50.76413083076477
20,-5,1,-75.8582,160.524,0.07600210741445325,62.416646242141724
20,-5,2,-78.5813,162.536,0.08775851004168717,66.08664178848267
20,-5,3,-82.6173,165.372,0.10449236624558572,110.13599061965942
0,-4,-3,-0.0171878,0.0804178,0.0005516071333971145,32.649967193603516
0,-4,-2,-0.0171796,0.0535877,0.0003677327658044418,33.356017112731934
0,-4,-1,-0.0171774,0.0267807,0.00018386581808067947,31.92635416984558
0,-4,0,-0.0171811,-1.58632e-05,1.935486767992842e-09,32.34759306907654
0,-4,1,-0.0171774,0.0267807,0.00018386581808067947,33.268696308135986
0,-4,2,-0.0171796,0.0535877,0.0003677327658044418,33.571796894073486
0,-4,3,-0.0171878,0.0804178,0.0005516071333971145,31.9505352973938
0.5,-4,-3,-0.114356,6.33378,0.0006277687125004632,35.29394602775574
0.5,-4,-2,-0.113096,6.2911,0.0004382058682966351,34.08837556838989
0.5,-4,-1,-0.112037,6.25391,0.0002487997670465845,35.56422710418701
0.5,-4,0,-0.111171,6.22211,5.949041462465458e-05,38.52769088745117
0.5,-4,1,-0.112037,6.25391,0.0002487997670465845,36.49101424217224
0.5,-4,2,-0.113096,6.2911,0.0004382058682966351,44.31553888320923
0.5,-4,3,-0.114356,6.33378,0.0006277687125004632,48.818238973617554
1,-4,-3,-0.401617,12.5822,0.0007470271133514091,53.130784034729004
1,-4,-2,-0.39767,12.5181,0.0005403235738504085,54.329625844955444
1,-4,-1,-0.394521,12.4653,0.00033423934414568174,40.75953531265259
1,-4,0,-0.392142,12.4235,0.00012855500387891935,39.336101770401
1,-4,1,-0.394521,12.4653,0.00033423934414568174,36.31167030334473
1,-4,2,-0.39767,12.5181,0.0005403235738504085,37.51985812187195
1,-4,3,-0.401617,12.5822,0.0007470271133514091,36.67367124557495
2,-4,-3,-1.53392,24.9467,0.0011529064340490263,40.564993143081665
2,-4,-2,-1.51862,24.8265,0.000876840747773182,39.5117974281311
2,-4,-1,-1.50654,24.7293,0.0006036789039035181,40.30783796310425
2,-4,0,-1.49753,24.6541,0.0003325167603579365,38.58768630027771
2,-4,1,-1.50654,24.7293,0.0006036789039035181,41.18447661399841
2,-4,2,-1.51862,24.8265,0.000876840747773182,41.90406346321106
2,-4,3,-1.53392,24.9467,0.0011529064340490263,38.90943956375122
3,-4,-3,-3.36851,36.9956,0.001841553433930865,40.15641784667969
3,-4,-2,-3.32703,36.7796,0.0014461336220967967,38.56454110145569
3,-4,-1,-3.29842,36.6281,0.001061164315119386,38.7150661945343
3,-4,0,-3.27619,36.5068,0.0006814859638106032,36.64765238761902
3,-4,1,-3.29842,36.6281,0.001061164315119386,51.982295989990234
3,-4,2,-3.32703,36.7796,0.0014461336220967967,45.797382831573486
3,-4,3,-3.36851,36.9956,0.001841553433930865,45.158785581588745
4,-4,-3,-5.82944,48.5751,0.002873936842194812,43.0369918346405
4,-4,-2,-5.75842,48.2992,0.002314196882310109,39.06571960449219
4,-4,-1,-5.7001,48.0682,0.0017701340355637041,37.97245693206787
4,-4,0,-5.65385,47.8805,0.0012380686760786505,38.32463026046753
4,-4,1,-5.7001,48.0682,0.0017701340355637041,37.83152770996094
4,-4,2,-5.75842,48.2992,0.002314196882310109,39.41337585449219
4,-4,3,-5.82944,48.5751,0.002873936842194812,37.35497283935547
5,-4,-3,-8.82428,59.579,0.00429887674404093,39.95295071601868
5,-4,-2,-8.7067,59.2131,0.003523860928645364,41.362107276916504
5,-4,-1,-8.60834,58.9012,0.0027762598874097526,46.965678691864014
5,-4,0,-8.52834,58.6418,0.002050005063780149,46.221301555633545
5,-4,1,-8.60834,58.9012,0.0027762598874097526,43.935423135757446
5,-4,2,-8.7067,59.2131,0.003523860928645364,37.64132618904114
5,-4,3,-8.82428,59.579,0.00429887674404093,40.76171875
6,-4,-3,-12.2822,70.0154,0.006174712429076081,43.75876975059509
6,-4,-2,-12.0957,69.5302,0.005125745026320824,41.97679877281189
6,-4,-1,-11.9092,69.033,0.004104493079598791,38.63632369041443
6,-4,0,-11.7878,68.7042,0.0031470924755175145,37.77148652076721
6,-4,1,-11.9092,69.033,0.004104493079598791,39.430123805999756
6,-4,2,-12.0957,69.5302,0.005125745026320824,39.375245094299316
6,-4,3,-12.2822,70.0154,0.006174712429076081,41.55633878707886
7,-4,-3,-16.086,79.7719,0.00851250538416277,40.533491134643555
7,-4,-2,-15.8185,79.1733,0.007138491703684123,40.051594972610474
7,-4,-1,-15.593,78.6592,0.005836670257543931,41.74560546875
7,-4,0,-15.4057,78.2231,0.004591571748660083,39.09915637969971
7,-4,1,-15.593,78.6592,0.005836670257543931,39.89517855644226
7,-4,2,-15.8185,79.1733,0.007138491703684123,40.52446532249451
7,-4,3,-16.086,79.7719,0.00851250538416277,45.95454668998718
8,-4,-3,-20.1683,88.8878,0.01134799599247676,43.49609375
8,-4,-2,-19.8024,88.1692,0.009589725435366379,41.1547954082489
8,-4,-1,-19.4927,87.5492,0.007937749282537938,46.17270302772522
8,-4,0,-19.2296,87.0111,0.006366949121780744,60.28863024711609
8,-4,1,-19.4927,87.5492,0.007937749282537938,40.91212463378906
8,-4,2,-19.8024,88.1692,0.009589725435366379,42.34736704826355
8,-4,3,-20.1683,88.8878,0.01134799599247676,42.03945469856262
9,-4,-3,-24.3696,97.217,0.014591223022638232,41.22666883468628
9,-4,-2,-23.9585,96.5008,0.01247342723089404,39.44958758354187
9,-4,-1,-23.5675,95.8033,0.010438558124098262,42.30141019821167
9,-4,0,-23.2272,95.1827,0.008506043409300754,41.85423755645752
9,-4,1,-23.5675,95.8033,0.010438558124098262,43.40420889854431
9,-4,2,-23.9585,96.5008,0.01247342723089404,41.134244203567505
9,-4,3,-24.3696,97.217,0.014591223022638232,40.89113974571228
10,-4,-3,-28.9038,105.279,0.018581555159949935,39.97343468666077
10,-4,-2,-28.2949,104.318,0.01587176488741497,41.729596853256226
10,-4,-1,-27.7741,103.478,0.01336148232070942,70.38775658607483
10,-4,0,-27.3337,102.753,0.01101196075426314,42.06178379058838
10,-4,1,-27.7741,103.478,0.01336148232070942,41.552485704422
10,-4,2,-28.2949,104.318,0.01587176488741497,41.75489163398743
10,-4,3,-28.9038,105.279,0.018581555159949935,40.525771379470825
12,-4,-3,-38.09,119.466,0.02798691211253417,43.41144514083862
12,-4,-2,-37.1758,118.262,0.02406576012434378,46.69803762435913
12,-4,-1,-36.388,117.2,0.020469307369147434,42.33340930938721
12,-4,0,-35.7178,116.275,0.0171490089269252,46.672871351242065
12,-4,1,-36.388,117.2,0.020469307369147434,42.450443267822266
12,-4,2,-37.1758,118.262,0.02406576012434378,42.801366090774536
12,-4,3,-38.09,119.466,0.02798691211253417,42.0939998626709
14,-4,-3,-47.2816,131.545,0.03912156391148351,41.83460187911987
14,-4,-2,-46.1139,130.23,0.03400285463835229,44.52397274971008
14,-4,-1,-45.061,129.012,0.029219345397473118,44.99835681915283
14,-4,0,-44.1366,127.915,0.024774992223659253,54.13628625869751
14,-4,1,-45.061,129.012,0.029219345397473118,46.393874406814575
14,-4,2,-46.1139,130.23,0.03400285463835229,45.945939779281616
14,-4,3,-47.2816,131.545,0.03912156391148351,45.019235610961914
16,-4,-3,-57.0875,142.645,0.053964086830789335,48.842692613601685
16,-4,-2,-55.292,140.891,0.04648402386972647,48.867632150650024
16,-4,-1,-53.7707,139.357,0.03986180218268089,48.24493336677551
16,-4,0,-52.4896,138.027,0.033942531728356755,48.86923122406006
16,-4,1,-53.7707,139.357,0.03986180218268089,49.81361770629883
16,-4,2,-55.292,140.891,0.04648402386972647,49.66695213317871
16,-4,3,-57.0875,142.645,0.053964086830789335,47.41165471076965
18,-4,-3,-66.5767,152.058,0.0702657755776125,49.60232353210449
18,-4,-2,-64.0089,149.846,0.05980443120600755,50.315032720565796
18,-4,-1,-62.3416,148.366,0.05215070279999954,81.68127155303955
18,-4,0,-60.6759,146.836,0.044550229879704084,81.99105262756348
18,-4,1,-62.3416,148.366,0.05215070279999954,85.63210225105286
18,-4,2,-64.0089,149.846,0.05980443120600755,47.2401328086853
18,-4,3,-66.5767,152.058,0.0702657755776125,46.420034408569336
20,-4,-3,-76.1947,160.472,0.0893573503271009,72.2402195930481
20,-4,-2,-72.8117,157.902,0.07517651791099571,49.6388053894043
20,-4,-1,-69.8398,155.528,0.062331416349337136,45.28655433654785
20,-4,0,-68.4853,154.408,0.055811032327466294,45.10284066200256
20,-4,1,-69.8398,155.528,0.062331416349337136,45.47644567489624
20,-4,2,-72.8117,157.902,0.07517651791099571,49.26691126823425
20,-4,3,-76.1947,160.472,0.0893573503271009,69.41810202598572
0,-3,-3,-0.0128908,0.0764241,0.0005515327333918466,32.26344633102417
0,-3,-2,-0.0128834,0.0509336,0.00036768359589808304,32.97132658958435
0,-3,-1,-0.0128816,0.025458,0.00018384078151054945,31.731589555740356
0,-3,0,-0.0128855,-1.11516e-05,1.9354860437203466e-09,30.392136335372925
0,-3,1,-0.0128816,0.025458,0.00018384078151054945,32.19431161880493
0,-3,2,-0.0128834,0.0509336,0.00036768359589808304,34.33703064918518
0,-3,3,-0.0128908,0.0764241,0.0005515327333918466,34.88670587539673
0.5,-3,-3,-0.0991808,5.97323,0.0006224729808584732,33.939860105514526
0.5,-3,-2,-0.0980916,5.9338,0.000433668274321084,35.588680267333984
0.5,-3,-1,-0.0971709,5.89922,0.000244980940559616,36.79412651062012
0.5,-3,0,-0.0964133,5.86941,5.637619444166075e-05,37.932257413864136
0.5,-3,1,-0.0971709,5.89922,0.000244980940559616,39.46051335334778
0.5,-3,2,-0.0980916,5.9338,0.000433668274321084,40.22214388847351
0.5,-3,3,-0.0991808,5.97323,0.0006224729808584732,40.640161752700806
1,-3,-3,-0.354115,11.8631,0.000730594361100312,41.985185384750366
1,-3,-2,-0.350787,11.8055,0.0005268590354947952,40.85608673095703
1,-3,-1,-0.348119,11.7577,0.00032363911597672667,40.57961630821228
1,-3,0,-0.346089,11.7195,0.00012072273582996392,41.30399131774902
1,-3,1,-0.348119,11.7577,0.00032363911597672667,41.376492738723755
1,-3,2,-0.350787,11.8055,0.0005268590354947952,39.58785700798035
1,-3,3,-0.354115,11.8631,0.000730594361100312,39.52896022796631
2,-3,-3,-1.36071,23.5374,0.0010904539947630128,41.776299476623535
2,-3,-2,-1.34807,23.4319,0.0008263239919077684,42.16661763191223
2,-3,-1,-1.33807,23.3463,0.0005645816779128618,41.58401679992676
2,-3,0,-1.33062,23.2799,0.00030438767651095526,40.73631310462952
2,-3,1,-1.33807,23.3463,0.0005645816779128618,40.13804769515991
2,-3,2,-1.34807,23.4319,0.0008263239919077684,36.7764778137207
2,-3,3,-1.36071,23.5374,0.0010904539947630128,37.177191495895386
3,-3,-3,-2.99697,34.9489,0.001691616746499037,36.86917495727539
3,-3,-2,-2.96663,34.782,0.0013254873704784148,37.26905918121338
3,-3,-1,-2.94224,34.6448,0.0009655512017212977,37.65032148361206
3,-3,0,-2.92354,34.5365,0.0006101950473512445,37.632224798202515
3,-3,1,-2.94224,34.6448,0.0009655512017212977,37.49719190597534
3,-3,2,-2.96663,34.782,0.0013254873704784148,37.69288778305054
3,-3,3,-2.99697,34.9489,0.001691616746499037,38.26209902763367
4,-3,-3,-5.20546,45.9776,0.0025881944483750487,38.37051868438721
4,-3,-2,-5.14673,45.736,0.002077229519529397,38.346535444259644
4,-3,-1,-5.09875,45.5347,0.001579036039366379,37.5083110332489
4,-3,0,-5.06096,45.372,0.0010905192145438602,37.368836879730225
4,-3,1,-5.09875,45.5347,0.001579036039366379,39.60940408706665
4,-3,2,-5.14673,45.736,0.002077229519529397,42.53546738624573
4,-3,3,-5.20546,45.9776,0.0025881944483750487,42.40996074676514
5,-3,-3,-7.91238,56.5248,0.003824435434395714,46.49910259246826
5,-3,-2,-7.81377,56.2001,0.003125028133685228,51.47139835357666
5,-3,-1,-7.73199,55.9256,0.0024485820705481853,38.75557041168213
5,-3,0,-7.66605,55.6992,0.0017896167656348194,37.26396584510803
5,-3,1,-7.73199,55.9256,0.0024485820705481853,37.59668278694153
5,-3,2,-7.81377,56.2001,0.003125028133685228,37.4329936504364
5,-3,3,-7.91238,56.5248,0.003824435434395714,38.1230309009552
6,-3,-3,-11.0275,66.4977,0.00542701548316919,37.34627890586853
6,-3,-2,-10.8796,66.091,0.004498028376844688,37.47557258605957
6,-3,-1,-10.755,65.742,0.0036051479973399033,38.01190996170044
6,-3,0,-10.6525,65.4484,0.0027393550559096716,38.28880715370178
6,-3,1,-10.755,65.742,0.0036051479973399033,41.15682005882263
6,-3,2,-10.8796,66.091,0.004498028376844688,41.46022915840149
6,-3,3,-11.0275,66.4977,0.00542701548316919,43.37586188316345
7,-3,-3,-14.5176,75.9868,0.007459746116180855,51.31744885444641
7,-3,-2,-14.2985,75.469,0.006245023695680929,51.097304344177246
7,-3,-1,-14.1139,75.0244,0.0050889686275118,49.241297245025635
7,-3,0,-13.9607,74.6479,0.003977395814924325,54.676998138427734
7,-3,1,-14.1139,75.0244,0.0050889686275118,41.53812074661255
7,-3,2,-14.2985,75.469,0.006245023695680929,42.075759172439575
7,-3,3,-14.5176,75.9868,0.007459746116180855,40.123077154159546
8,-3,-3,-18.2669,84.8572,0.009909652937072617,41.56039333343506
8,-3,-2,-17.9672,84.2354,0.00836671261001264,42.177292346954346
8,-3,-1,-17.7135,83.6992,0.006906902273551566,57.40600228309631
8,-3,0,-17.5012,83.2412,0.00551346050594047,41.647210121154785
8,-3,1,-17.7135,83.6992,0.006906902273551566,57.02449369430542
8,-3,2,-17.9672,84.2354,0.00836671261001264,42.407912492752075
8,-3,3,-18.2669,84.8572,0.009909652937072617,44.57539415359497
9,-3,-3,-22.2255,93.1552,0.012803627252852027,41.408135414123535
9,-3,-2,-21.8369,92.4374,0.010885537031143842,40.96407985687256
9,-3,-1,-21.5018,91.806,0.009079492748298714,41.18882346153259
9,-3,0,-21.2191,91.2622,0.007365554450113873,40.15323615074158
9,-3,1,-21.5018,91.806,0.009079492748298714,41.73103594779968
9,-3,2,-21.8369,92.4374,0.010885537031143842,52.25353646278381
9,-3,3,-22.2255,93.1552,0.012803627252852027,46.17784094810486
10,-3,-3,-26.3601,100.938,0.016177459288107657,46.13615870475769
10,-3,-2,-25.8558,100.097,0.013817405625928165,46.323790073394775
10,-3,-1,-25.426,99.3666,0.011616934801337185,41.26531720161438
10,-3,0,-25.0279,98.6735,0.009506503714163414,38.49723672866821
10,-3,1,-25.426,99.3666,0.011616934801337185,41.510393142700195
10,-3,2,-25.8558,100.097,0.013817405625928165,41.942678928375244
10,-3,3,-26.3601,100.938,0.016177459288107657,41.918208360672
12,-3,-3,-34.9469,114.982,0.024361323170476335,42.22616934776306
12,-3,-2,-34.1786,113.913,0.02094965344011298,43.38287377357483
12,-3,-1,-33.5232,112.981,0.01781505599957799,44.19314432144165
12,-3,0,-32.9665,112.171,0.014901325755217316,51.26055407524109
12,-3,1,-33.5232,112.981,0.01781505599957799,48.12879753112793
12,-3,2,-34.1786,113.913,0.02094965344011298,43.44496512413025
12,-3,3,-34.9469,114.982,0.024361323170476335,42.748504877090454
14,-3,-3,-43.731,127.19,0.0344083840519102,44.96028518676758
14,-3,-2,-42.6773,125.935,0.029779347361663863,44.50504207611084
14,-3,-1,-41.7587,124.814,0.025526712002276596,41.925612926483154
14,-3,0,-40.9706,123.828,0.021606230028915072,43.167845487594604
14,-3,1,-41.7587,124.814,0.025526712002276596,42.2880163192749
14,-3,2,-42.6773,125.935,0.029779347361663863,41.603352546691895
14,-3,3,-43.731,127.19,0.0344083840519102,42.4558219909668
16,-3,-3,-52.7667,138.058,0.04687732697442745,45.531877279281616
16,-3,-2,-50.879,136.086,0.039359867753249185,41.99597501754761
16,-3,-1,-49.7161,134.839,0.03406532816037476,42.12481760978699
16,-3,0,-48.6951,133.715,0.029138801097229276,41.34218764305115
16,-3,1,-49.7161,134.839,0.03406532816037476,26.727999210357666
16,-3,2,-50.879,136.086,0.039359867753249185,26.455835819244385
16,-3,3,-52.7667,138.058,0.04687732697442745,28.76322054862976
18,-3,-3,-61.7812,147.578,0.06133659578520125,33.93774890899658
18,-3,-2,-59.7945,145.766,0.05287600152059524,30.467737436294556
18,-3,-1,-58.1453,144.212,0.045522680093665946,30.220335483551025
18,-3,0,-56.7687,142.875,0.039011490576084565,63.89582300186157
18,-3,1,-58.1453,144.212,0.045522680093665946,45.84549570083618
18,-3,2,-59.7945,145.766,0.05287600152059524,45.66873598098755
18,-3,3,-61.7812,147.578,0.06133659578520125,46.1153028011322
20,-3,-3,-70.5699,155.832,0.07708546918361407,67.72880864143372
20,-3,-2,-68.2131,153.925,0.06689372799019634,66.2232916355133
20,-3,-1,-66.1481,152.19,0.05766976030968696,56.11345911026001
20,-3,0,-64.3063,150.586,0.049118866961777426,44.33306574821472
20,-3,1,-66.1481,152.19,0.05766976030968696,46.515170097351074
20,-3,2,-68.2131,153.925,0.06689372799019634,65.19323492050171
20,-3,3,-70.5699,155.832,0.07708546918361407,69.21468257904053
0,-2,-3,-0.00859427,0.0728638,0.0005514628495725715,32.764546632766724
0,-2,-2,-0.0085875,0.0485669,0.00036763700643789615,32.28999471664429
0,-2,-1,-0.00858614,0.0242783,0.00018381748701444434,32.28290510177612
0,-2,0,-0.00859014,-6.9909e-06,1.2258073689936514e-09,31.42352843284607
0,-2,1,-0.00858614,0.0242783,0.00018381748701444434,33.07054686546326
0,-2,2,-0.0085875,0.0485669,0.00036763700643789615,31.35009527206421
0,-2,3,-0.00859427,0.0728638,0.0005514628495725715,31.349064588546753
0.5,-2,-3,-0.0857086,5.65095,0.0006178798342933215,33.41451454162598
0.5,-2,-2,-0.0847611,5.6144,0.0004297087487723097,35.461681604385376
0.5,-2,-1,-0.0839556,5.58213,0.0002416331011831225,35.94524908065796
0.5,-2,0,-0.0832877,5.55408,5.3623915891240255e-05,35.62786340713501
0.5,-2,1,-0.0839556,5.58213,0.0002416331011831225,44.09964060783386
0.5,-2,2,-0.0847611,5.6144,0.0004297087487723097,34.61173605918884
0.5,-2,3,-0.0857086,5.65095,0.0006178798342933215,35.3516845703125
1,-2,-3,-0.313046,11.2142,0.0007164330599183602,35.045735120773315
1,-2,-2,-0.310267,11.163,0.0005152393289086166,36.05809473991394
1,-2,-1,-0.308019,11.12,0.0003144324505617565,35.62385630607605
1,-2,0,-0.30629,11.0852,0.00011387104071494942,36.2371461391449
1,-2,1,-0.308019,11.12,0.0003144324505617565,35.08166694641113
1,-2,2,-0.310267,11.163,0.0005152393289086166,35.30135226249695
1,-2,3,-0.313046,11.2142,0.0007164330599183602,36.585997104644775
2,-2,-3,-1.21409,22.2789,0.0010383887333447804,40.58904719352722
2,-2,-2,-1.20352,22.1854,0.000784194905434029,38.0625524520874
2,-2,-1,-1.19516,22.1094,0.0005319361200687029,37.66103458404541
2,-2,0,-1.18892,22.0503,0.00028090358087429223,35.932995080947876
2,-2,1,-1.19516,22.1094,0.0005319361200687029,37.02735757827759
2,-2,2,-1.20352,22.1854,0.000784194905434029,37.6539363861084
2,-2,3,-1.21409,22.2789,0.0010383887333447804,34.98103070259094
3,-2,-3,-2.68251,33.1172,0.0015682608259607038,38.590851068496704
3,-2,-2,-2.65725,32.9702,0.0012246477094460173,37.99928855895996
3,-2,-1,-2.63699,32.8497,0.0008861310871100896,40.60833716392517
3,-2,0,-2.62153,32.7546,0.0005512268175120559,37.802281618118286
3,-2,1,-2.63699,32.8497,0.0008861310871100896,37.743590116500854
3,-2,2,-2.65725,32.9702,0.0012246477094460173,36.9074125289917
3,-2,3,-2.68251,33.1172,0.0015682608259607038,35.95286846160889
4,-2,-3,-4.6723,43.6299,0.0023523888282925842,38.53803491592407
4,-2,-2,-4.62371,43.4189,0.001882067150874262,38.15566968917847
4,-2,-1,-4.58413,43.2434,0.001422196259707967,37.36810278892517
4,-2,0,-4.55306,43.1019,0.0009701312314753759,36.96892166137695
4,-2,1,-4.58413,43.2434,0.001422196259707967,36.20139694213867
4,-2,2,-4.62371,43.4189,0.001882067150874262,37.08622121810913
4,-2,3,-4.6723,43.6299,0.0023523888282925842,37.337820053100586
5,-2,-3,-7.1245,53.7344,0.003430378067371754,38.156174421310425
5,-2,-2,-7.04276,53.4504,0.0027952884523507766,38.61416816711426
5,-2,-1,-6.97519,53.2111,0.0021788408845899413,38.14988327026367
5,-2,0,-6.92095,53.0144,0.0015765188913706158,37.50120735168457
5,-2,1,-6.97519,53.2111,0.0021788408845899413,37.80142569541931
5,-2,2,-7.04276,53.4504,0.0027952884523507766,39.05071234703064
5,-2,3,-7.1245,53.7344,0.003430378067371754,39.30600428581238
6,-2,-3,-9.97067,63.3624,0.004832337011703358,42.382829666137695
6,-2,-2,-9.84618,63.0016,0.003994494883524018,38.276702880859375
6,-2,-1,-9.74189,62.6936,0.00318676751775098,39.8047559261322
6,-2,0,-9.65655,62.4359,0.002401937063253003,40.5942702293396
6,-2,1,-9.74189,62.6936,0.00318676751775098,41.33587956428528
6,-2,2,-9.84618,63.0016,0.003994494883524018,41.59359097480774
6,-2,3,-9.97067,63.3624,0.004832337011703358,45.29894518852234
7,-2,-3,-13.1567,72.5143,0.006593380525946507,44.255998849868774
7,-2,-2,-12.9757,72.0636,0.005511525092121452,43.03874206542969
7,-2,-1,-12.8232,71.6767,0.004474155033795846,42.60520648956299
7,-2,0,-12.6969,71.3496,0.003473538899070381,44.8682656288147
7,-2,1,-12.8232,71.6767,0.004474155033795846,45.40394949913025
7,-2,2,-12.9757,72.0636,0.005511525092121452,44.379122495651245
7,-2,3,-13.1567,72.5143,0.006593380525946507,43.637439012527466
8,-2,-3,-16.6099,81.1433,0.008727945855041405,45.41282629966736
8,-2,-2,-16.3608,80.5993,0.007359108038521452,43.69647240638733
8,-2,-1,-16.1514,80.1334,0.006057294467655727,41.18739914894104
8,-2,0,-15.9757,79.7344,0.004808979673485379,44.170740842819214
8,-2,1,-16.1514,80.1334,0.006057294467655727,40.069711208343506
8,-2,2,-16.3608,80.5993,0.007359108038521452,40.20222783088684
8,-2,3,-16.6099,81.1433,0.008727945855041405,41.76591444015503
9,-2,-3,-20.2776,89.2609,0.01125381903010315,57.87427616119385
9,-2,-2,-19.9518,88.6273,0.009558110262992366,41.121145725250244
9,-2,-1,-19.6733,88.075,0.007953226755540258,39.592270612716675
9,-2,0,-19.4317,87.5858,0.006417910147384703,37.941155195236206
9,-2,1,-19.6733,88.075,0.007953226755540258,39.33241891860962
9,-2,2,-19.9518,88.6273,0.009558110262992366,42.04750943183899
9,-2,3,-20.2776,89.2609,0.01125381903010315,57.523396253585815
10,-2,-3,-24.1159,96.8894,0.014190769462254896,42.16538143157959
10,-2,-2,-23.6976,96.1555,0.012117412942993747,41.92286968231201
10,-2,-1,-23.3236,95.4854,0.010154103188624978,39.340126752853394
10,-2,0,-23.0333,94.9555,0.00832219521689304,41.46730184555054
10,-2,1,-23.3236,95.4854,0.010154103188624978,44.261109352111816
10,-2,2,-23.6976,96.1555,0.012117412942993747,50.29057478904724
10,-2,3,-24.1159,96.8894,0.014190769462254896,55.301687717437744
12,-2,-3,-32.1421,110.751,0.02133106927136241,44.94528245925903
12,-2,-2,-31.5032,109.814,0.018358438604810567,42.42156481742859
12,-2,-1,-30.9093,108.923,0.015526181713874697,39.65242147445679
12,-2,0,-30.4719,108.254,0.012998990388119518,39.14296579360962
12,-2,1,-30.9093,108.923,0.015526181713874697,39.25196409225464
12,-2,2,-31.5032,109.814,0.018358438604810567,41.792612075805664
12,-2,3,-32.1421,110.751,0.02133106927136241,41.94421124458313
14,-2,-3,-40.442,122.931,0.030206136124031547,42.04693841934204
14,-2,-2,-39.5369,121.795,0.026129660363606932,42.51963567733765
14,-2,-1,-38.7598,120.796,0.022394279328700733,44.64962601661682
14,-2,0,-38.0962,119.924,0.018937261798597445,44.254955530166626
14,-2,1,-38.7598,120.796,0.022394279328700733,46.55917739868164
14,-2,2,-39.5369,121.795,0.026129660363606932,50.04619383811951
14,-2,3,-40.442,122.931,0.030206136124031547,49.302063941955566
16,-2,-3,-48.6551,133.429,0.04021528261929754,47.51790499687195
16,-2,-2,-47.5174,132.181,0.03509271800525092,51.75793743133545
16,-2,-1,-46.5187,131.057,0.03035110170911039,44.52234435081482
16,-2,0,-45.6558,130.063,0.025956284466326907,42.73414373397827
16,-2,1,-46.5187,131.057,0.03035110170911039,41.56482124328613
16,-2,2,-47.5174,132.181,0.03509271800525092,41.745651960372925
16,-2,3,-48.6551,133.429,0.04021528261929754,41.65587568283081
18,-2,-3,-57.1931,143.024,0.05290234301199668,45.50331711769104
18,-2,-2,-55.619,141.5,0.04597779598122272,45.32467341423035
18,-2,-1,-54.3063,140.194,0.03984506746536375,44.997636795043945
18,-2,0,-53.1951,139.058,0.03430340576091942,44.33778953552246
18,-2,1,-54.3063,140.194,0.03984506746536375,46.476975202560425
18,-2,2,-55.619,141.5,0.04597779598122272,44.65480089187622
18,-2,3,-57.1931,143.024,0.05290234301199668,44.140077114105225
20,-2,-3,-65.3486,151.218,0.06616928902122451,49.12232685089111
20,-2,-2,-63.7825,149.875,0.05881053024990747,81.13170456886292
20,-2,-1,-62.0422,148.329,0.050850478333573486,64.16138458251953
20,-2,0,-60.5777,146.987,0.043783556555949385,70.29346013069153
20,-2,1,-62.0422,148.329,0.050850478333573486,70.10449457168579
20,-2,2,-63.7825,149.875,0.05881053024990747,81.40973663330078
20,-2,3,-65.3486,151.218,0.06616928902122451,46.971431016922
0,-1,-3,-0.00429811,0.0696695,0.0005513961916117553,32.100515604019165
0,-1,-2,-0.00429189,0.0464428,0.00036759235273398495,32.700236082077026
0,-1,-1,-0.00429086,0.0232194,0.00018379490209481346,32.39281868934631
0,-1,0,-0.00429497,-3.29642e-06,6.451615317315347e-10,30.52261519432068
0,-1,1,-0.00429086,0.0232194,0.00018379490209481346,31.234398365020752
0,-1,2,-0.00429189,0.0464428,0.00036759235273398495,32.5580358505249
0,-1,3,-0.00429811,0.0696695,0.0005513961916117553,33.555702447891235
0.5,-1,-3,-0.0736191,5.36175,0.000613873788114266,39.72500038146973
0.5,-1,-2,-0.0727889,5.32772,0.00042622987159764673,37.151997089385986
0.5,-1,-1,-0.0720792,5.29748,0.00023867689284941596,39.272494077682495
0.5,-1,0,-0.0714863,5.27098,5.1168410160431974e-05,33.00456523895264
0.5,-1,1,-0.0720792,5.29748,0.00023867689284941596,33.87244725227356
0.5,-1,2,-0.0727889,5.32772,0.00042622987159764673,35.29032111167908
0.5,-1,3,-0.0736191,5.36175,0.000613873788114266,35.16139626502991
1,-1,-3,-0.278354,10.6472,0.0007047040184482601,34.33570456504822
1,-1,-2,-0.275924,10.5997,0.000505522863726278,34.640209674835205
1,-1,-1,-0.273953,10.5597,0.00030666470436398684,34.37597060203552
1,-1,0,-0.27243,10.5272,0.00010801290280575216,33.28636956214905
1,-1,1,-0.273953,10.5597,0.00030666470436398684,32.339699506759644
1,-1,2,-0.275924,10.5997,0.000505522863726278,32.92829132080078
1,-1,3,-0.278354,10.6472,0.0007047040184482601,34.261964321136475
2,-1,-3,-1.0887,21.1475,0.0009945822422148093,35.30598592758179
2,-1,-2,-1.07981,21.0644,0.0007487105035966685,35.10793089866638
2,-1,-1,-1.07276,20.9965,0.0005043231886279751,35.310081005096436
2,-1,0,-1.06749,20.9435,0.0002610971051599021,34.30747103691101
2,-1,1,-1.07276,20.9965,0.0005043231886279751,35.2438006401062
2,-1,2,-1.07981,21.0644,0.0007487105035966685,35.07015776634216
2,-1,3,-1.0887,21.1475,0.0009945822422148093,37.039695501327515
3,-1,-3,-2.41339,31.4651,0.0014652921099307537,36.45014834403992
3,-1,-2,-2.39223,31.3352,0.001140453325795566,36.27742123603821
3,-1,-1,-2.37398,31.2205,0.0008194207574145512,36.55654859542847
3,-1,0,-2.36157,31.1398,0.0005020651217699636,36.72996377944946
3,-1,1,-2.37398,31.2205,0.0008194207574145512,35.02953886985779
3,-1,2,-2.39223,31.3352,0.001140453325795566,42.04555344581604
3,-1,3,-2.41339,31.4651,0.0014652921099307537,37.18682599067688
4,-1,-3,-4.2146,41.5046,0.002156453835233628,38.23972940444946
4,-1,-2,-4.17405,41.3191,0.0017200661489455602,36.34768533706665
4,-1,-1,-4.13568,41.1392,0.0012894856520399148,36.04871416091919
4,-1,0,-4.11198,41.0252,0.0008695498509363801,38.76876473426819
4,-1,1,-4.13568,41.1392,0.0012894856520399148,37.700329303741455
4,-1,2,-4.17405,41.3191,0.0017200661489455602,36.61065220832825
4,-1,3,-4.2146,41.5046,0.002156453835233628,37.637537717819214
5,-1,-3,-6.44418,51.1931,0.0031030263024994145,38.146798610687256
5,-1,-2,-6.37605,50.9441,0.0025216769550242394,39.16220450401306
5,-1,-1,-6.31982,50.7346,0.0019555509408898737,37.54671812057495
5,-1,0,-6.27484,50.5627,0.0014010340530494735,37.935669898986816
5,-1,1,-6.31982,50.7346,0.0019555509408898737,38.58031153678894
5,-1,2,-6.37605,50.9441,0.0025216769550242394,41.74392580986023
5,-1,3,-6.44418,51.1931,0.0031030263024994145,41.38147258758545
6,-1,-3,-9.04763,60.4761,0.004334354361185954,51.12085723876953
6,-1,-2,-8.94304,60.1574,0.0035741138132587254,41.4725136756897
6,-1,-1,-8.85567,59.8861,0.0028385139994650493,43.0892333984375
6,-1,0,-8.78447,59.6598,0.00212187189012806,42.02412486076355
6,-1,1,-8.85567,59.8861,0.0028385139994650493,42.48963117599487
6,-1,2,-8.94304,60.1574,0.0035741138132587254,43.23272919654846
6,-1,3,-9.04763,60.4761,0.004334354361185954,41.75740885734558
7,-1,-3,-11.9699,69.3215,0.005875370776871962,43.981462240219116
7,-1,-2,-11.8191,68.9267,0.0049012321036166675,44.02750253677368
7,-1,-1,-11.6905,68.5841,0.00396320249943008,43.30486750602722
7,-1,0,-11.5865,68.3006,0.003056768617096099,41.898948192596436
7,-1,1,-11.6905,68.5841,0.00396320249943008,41.812103033065796
7,-1,2,-11.8191,68.9267,0.0049012321036166675,43.005478382110596
7,-1,3,-11.9699,69.3215,0.005875370776871962,43.61150145530701
8,-1,-3,-15.1566,77.7098,0.00774615674507505,41.4092230796814
8,-1,-2,-14.9492,77.234,0.006521771487580587,42.09278607368469
8,-1,-1,-14.774,76.8247,0.005352175880720698,39.618868827819824
8,-1,0,-14.6275,76.4751,0.004224482821986481,44.81226062774658
8,-1,1,-14.774,76.8247,0.005352175880720698,39.42077422142029
8,-1,2,-14.9492,77.234,0.006521771487580587,39.228575229644775
8,-1,3,-15.1566,77.7098,0.00774615674507505,40.52945637702942
9,-1,-3,-18.5582,85.6383,0.009961897596104434,40.625633001327515
9,-1,-2,-18.2821,85.0742,0.008447989901440746,40.58290243148804
9,-1,-1,-18.0516,84.5946,0.0070146240919615336,39.34416079521179
9,-1,0,-17.856,84.1789,0.0056386099024535756,38.84415936470032
9,-1,1,-18.0516,84.5946,0.0070146240919615336,39.23078632354736
9,-1,2,-18.2821,85.0742,0.008447989901440746,39.318565130233765
9,-1,3,-18.5582,85.6383,0.009961897596104434,41.95671248435974
10,-1,-3,-22.131,93.1151,0.012537268122488586,41.36107301712036
10,-1,-2,-21.7754,92.4597,0.010693323700810239,40.00758981704712
10,-1,-1,-21.4809,91.907,0.008964027337340726,39.13369822502136
10,-1,0,-21.2283,91.4231,0.00731007446139226,38.435062408447266
10,-1,1,-21.4809,91.907,0.008964027337340726,38.94938850402832
10,-1,2,-21.7754,92.4597,0.010693323700810239,39.88662147521973
10,-1,3,-22.131,93.1151,0.012537268122488586,40.41765570640564
12,-1,-3,-29.6452,106.778,0.01880636180775702,42.97808837890625
12,-1,-2,-29.0842,105.913,0.01614650302974546,43.56013822555542
12,-1,-1,-28.6434,105.222,0.013741941929272652,44.25857663154602
12,-1,0,-28.2575,104.603,0.011451166456997362,46.08818244934082
12,-1,1,-28.6434,105.222,0.013741941929272652,46.65822958946228
12,-1,2,-29.0842,105.913,0.01614650302974546,46.50251078605652
12,-1,3,-29.6452,106.778,0.01880636180775702,55.21690893173218
14,-1,-3,-37.4655,118.866,0.026619788377869116,49.320680141448975
14,-1,-2,-36.7018,117.859,0.02304768614139124,48.535619497299194
14,-1,-1,-36.0464,116.975,0.019754633463477146,48.63228440284729
14,-1,0,-35.4855,116.202,0.016684148348647714,48.26428937911987
14,-1,1,-36.0464,116.975,0.019754633463477146,48.33048963546753
14,-1,2,-36.7018,117.859,0.02304768614139124,46.99907636642456
14,-1,3,-37.4655,118.866,0.026619788377869116,46.75850749015808
16,-1,-3,-45.3697,129.492,0.03582721110236878,47.246209144592285
16,-1,-2,-44.373,128.345,0.031216842214285823,43.099974393844604
16,-1,-1,-43.5036,127.319,0.026957969924861276,46.57016444206238
16,-1,0,-42.7504,126.41,0.02300320451453531,41.34641146659851
16,-1,1,-43.5036,127.319,0.026957969924861276,41.44470691680908
16,-1,2,-44.373,128.345,0.031216842214285823,41.10475420951843
16,-1,3,-45.3697,129.492,0.03582721110236878,41.77581548690796
18,-1,-3,-53.4465,139.061,0.04698570050409645,44.35955858230591
18,-1,-2,-52.0991,137.689,0.04089708693518411,44.217120885849
18,-1,-1,-50.9469,136.485,0.03541038875742266,44.479302406311035
18,-1,0,-49.9603,135.426,0.030403933294283845,43.91824913024902
18,-1,1,-50.9469,136.485,0.03541038875742266,45.56153869628906
18,-1,2,-52.0991,137.689,0.04089708693518411,45.15584349632263
18,-1,3,-53.4465,139.061,0.04698570050409645,44.87403154373169
20,-1,-3,-61.4628,147.53,0.05959817570087585,47.52151131629944
20,-1,-2,-59.7464,145.971,0.051876354687491945,48.920865297317505
20,-1,-1,-58.2922,144.611,0.0450244321179272,82.25200724601746
20,-1,0,-57.0488,143.414,0.0388308578650072,83.68019437789917
20,-1,1,-58.2922,144.611,0.0450244321179272,93.8721604347229
20,-1,2,-59.7464,145.971,0.051876354687491945,47.67943716049194
20,-1,3,-61.4628,147.53,0.05959817570087585,47.45899438858032
0,0,-3,-2.28793e-06,0.0667871,0.0005513321143447855,33.10137391090393
0,0,-2,3.45573e-06,0.0445257,0.00036754963454696136,32.961302042007446
0,0,-1,4.20598e-06,0.0222634,0.00018377289783721583,32.32698178291321
0,0,0,0.0,0.0,-0.0,32.17228364944458
0,0,1,4.20598e-06,0.0222634,0.00018377289783721583,32.784844398498535
0,0,2,3.45573e-06,0.0445257,0.00036754963454696136,32.93621754646301
0,0,3,-2.28793e-06,0.0667871,0.0005513321143447855,32.810540199279785
0.5,0,-3,-0.0626539,5.101,0.000610347744900227,36.14350938796997
0.5,0,-2,-0.0619213,5.06917,0.00042316260998869403,34.98449921607971
0.5,0,-1,-0.061291,5.04071,0.0002360451873638307,36.927398681640625
0.5,0,0,-0.0607616,5.01558,4.8967096735056184e-05,39.48411226272583
0.5,0,1,-0.061291,5.04071,0.0002360451873638307,40.00876235961914
0.5,0,2,-0.0619213,5.06917,0.00042316260998869403,45.11298704147339
0.5,0,3,-0.0626539,5.101,0.000610347744900227,41.76915001869202
1,0,-3,-0.247761,10.1306,0.0006944321464377665,44.34867191314697
1,0,-2,-0.245639,10.0867,0.0004969806042449192,34.61375045776367
1,0,-1,-0.243911,10.0496,0.00029979999101798855,36.20437550544739
1,0,0,-0.24257,10.0192,0.00010278064479937035,33.42553377151489
1,0,1,-0.243911,10.0496,0.00029979999101798855,34.829261779785156
1,0,2,-0.245639,10.0867,0.0004969806042449192,34.767075538635254
1,0,3,-0.247761,10.1306,0.0006944321464377665,34.85056138038635
2,0,-3,-0.980883,20.1283,0.0009574848138322161,35.870776891708374
2,0,-2,-0.973215,20.0528,0.0007185233841201515,34.59747004508972
2,0,-1,-0.967196,19.9916,0.0004809296157338529,34.48025679588318
2,0,0,-0.962674,19.9435,0.00024419354353330297,33.5391731262207
2,0,1,-0.967196,19.9916,0.0004809296157338529,35.70637631416321
2,0,2,-0.973215,20.0528,0.0007185233841201515,33.53866505622864
2,0,3,-0.980883,20.1283,0.0009574848138322161,34.130173683166504
3,0,-3,-2.18145,29.9691,0.0013783888916653038,36.205249309539795
3,0,-2,-2.16356,29.8536,0.0010695493593288596,35.419963121414185
3,0,-1,-2.14922,29.7588,0.0007641943856831212,35.17599534988403
3,0,0,-2.13832,29.684,0.0004612905874683049,35.278388261795044
3,0,1,-2.14922,29.7588,0.0007641943856831212,44.377206563949585
3,0,2,-2.16356,29.8536,0.0010695493593288596,39.25868082046509
3,0,3,-2.18145,29.9691,0.0013783888916653038,38.51228475570679
4,0,-3,-3.81872,39.5714,0.001991744441691591,38.050899505615234
4,0,-2,-3.78482,39.4085,0.0015841307732091484,35.71761608123779
4,0,-1,-3.75713,39.2725,0.0011835493616233,35.19094276428223
4,0,0,-3.73551,39.1631,0.0007881303944897352,35.107248067855835
4,0,1,-3.75713,39.2725,0.0011835493616233,35.52869939804077
4,0,2,-3.78482,39.4085,0.0015841307732091484,35.558374643325806
4,0,3,-3.81872,39.5714,0.001991744441691591,35.58532762527466
5,0,-3,-5.85096,48.8625,0.002826062462347028,35.42726397514343
5,0,-2,-5.79562,48.6505,0.002291935906718276,36.08116936683655
5,0,-1,-5.74913,48.4685,0.0017690349779291912,35.88778591156006
5,0,0,-5.71166,48.318,0.001255098544376717,40.25680661201477
5,0,1,-5.74913,48.4685,0.0017690349779291912,40.259952783584595
5,0,2,-5.79562,48.6505,0.002291935906718276,36.77893567085266
5,0,3,-5.85096,48.8625,0.002826062462347028,35.050208568573
6,0,-3,-8.23979,57.8198,0.003915332305430869,36.7797474861145
6,0,-2,-8.15185,57.5387,0.0032209607592681836,37.549720287323
6,0,-1,-8.07779,57.2975,0.002544771983918527,36.11705946922302
6,0,0,-8.02001,57.1047,0.0018879381129061487,34.34753346443176
6,0,1,-8.07779,57.2975,0.002544771983918527,32.31564378738403
6,0,2,-8.15185,57.5387,0.0032209607592681836,23.993637561798096
6,0,3,-8.23979,57.8198,0.003915332305430869,25.627481698989868
7,0,-3,-10.9299,66.3791,0.005274117424169519,23.579599380493164
7,0,-2,-10.8031,66.0313,0.004390931023634139,24.49073362350464
7,0,-1,-10.6963,65.7329,0.0035380497531933577,24.093032836914062
7,0,0,-10.6083,65.4815,0.002709676032091087,24.83155655860901
7,0,1,-10.6963,65.7329,0.0035380497531933577,23.789676904678345
7,0,2,-10.8031,66.0313,0.004390931023634139,37.457274198532104
7,0,3,-10.9299,66.3791,0.005274117424169519,37.33985424041748
8,0,-3,-13.8764,74.5298,0.006923025870613849,38.682525634765625
8,0,-2,-13.7026,74.1121,0.005819244098243861,36.85712456703186
8,0,-1,-13.5545,73.7495,0.004759303551394957,35.79698920249939
8,0,0,-13.4322,73.4437,0.0037354640863776923,36.63533306121826
8,0,1,-13.5545,73.7495,0.004759303551394957,36.70686197280884
8,0,2,-13.7026,74.1121,0.005819244098243861,37.22511839866638
8,0,3,-13.8764,74.5298,0.006923025870613849,40.50799083709717
9,0,-3,-17.0362,82.2673,0.00887824154969506,39.32333755493164
9,0,-2,-16.8057,81.7741,0.00752102234708391,37.45022749900818
9,0,-1,-16.6098,81.3471,0.00622695602793356,37.40657353401184
9,0,0,-16.4449,80.9799,0.004981871769397836,37.87232160568237
9,0,1,-16.6098,81.3471,0.00622695602793356,39.036924839019775
9,0,2,-16.8057,81.7741,0.00752102234708391,39.0272753238678
9,0,3,-17.0362,82.2673,0.00887824154969506,38.734381914138794
10,0,-3,-20.3679,89.5907,0.011149980506211417,38.690048694610596
10,0,-2,-20.0732,89.0222,0.009508438960660063,38.966554164886475
10,0,-1,-19.8205,88.5256,0.007948705871521848,37.9766685962677
10,0,0,-19.6069,88.097,0.006456613655794023,37.26383399963379
10,0,1,-19.8205,88.5256,0.007948705871521848,37.38293242454529
10,0,2,-20.0732,89.0222,0.009508438960660063,38.75253963470459
10,0,3,-20.3679,89.5907,0.011149980506211417,40.87693238258362
12,0,-3,-27.4026,103.027,0.016665553652095114,41.11633110046387
12,0,-2,-26.96,102.314,0.01436416611760961,49.07439994812012
12,0,-1,-26.5729,101.678,0.01218893248621053,41.37472081184387
12,0,0,-26.2411,101.121,0.010123778348258386,41.46972966194153
12,0,1,-26.5729,101.678,0.01218893248621053,40.60438323020935
12,0,2,-26.96,102.314,0.01436416611760961,41.06157183647156
12,0,3,-27.4026,103.027,0.016665553652095114,41.28556156158447
14,0,-3,-34.788,115.019,0.023594199258393126,43.38913011550903
14,0,-2,-34.142,114.126,0.020443648539106882,41.65494990348816
14,0,-1,-33.5736,113.323,0.017483591293749937,40.131537675857544
14,0,0,-33.1077,112.651,0.014767914929172283,40.405598878860474
14,0,1,-33.5736,113.323,0.017483591293749937,40.044950008392334
14,0,2,-34.142,114.126,0.020443648539106882,41.28959369659424
14,0,3,-34.788,115.019,0.023594199258393126,42.41503643989563
16,0,-3,-42.3246,125.66,0.03187957142120394,42.80269765853882
16,0,-2,-41.456,124.611,0.027754454206754566,42.65294170379639
16,0,-1,-40.7034,123.682,0.023951017946579545,40.704111099243164
16,0,0,-40.0557,122.863,0.02041321264392297,41.83373403549194
16,0,1,-40.7034,123.682,0.023951017946579545,41.44347953796387
16,0,2,-41.456,124.611,0.027754454206754566,44.95817589759827
16,0,3,-42.3246,125.66,0.03187957142120394,40.84379053115845
18,0,-3,-49.6063,134.795,0.040570031065251456,40.77893590927124
18,0,-2,-48.636,133.756,0.03579671533560931,43.708285093307495
18,0,-1,-47.7598,132.796,0.03128943926416358,43.61098670959473
18,0,0,-46.963,131.902,0.02698808631397823,41.088499546051025
18,0,1,-47.7598,132.796,0.03128943926416358,40.70432162284851
18,0,2,-48.636,133.756,0.03579671533560931,40.21040439605713
18,0,3,-49.6063,134.795,0.040570031065251456,40.17235493659973
20,0,-3,-57.3657,143.459,0.05210991464105401,42.624356508255005
20,0,-2,-56.0202,142.172,0.0457800021076945,42.777209758758545
20,0,-1,-54.845,141.017,0.03998962886904899,43.121746301651
20,0,0,-53.8055,139.969,0.034597283668793256,64.17529463768005
20,0,1,-54.845,141.017,0.03998962886904899,43.98267102241516
20,0,2,-56.0202,142.172,0.0457800021076945,43.97835946083069
20,0,3,-57.3657,143.459,0.05210991464105401,44.18705487251282
0,1,-3,0.00429322,0.0641725,0.0005512699726080161,32.116305351257324
0,1,-2,0.00429855,0.0427863,0.0003675082067137374,33.497897148132324
0,1,-1,0.00429905,0.021396,0.00018375282907913217,35.84864854812622
0,1,0,0.00429476,2.95374e-06,-5.806449440241227e-10,30.50816774368286
0,1,1,0.00429905,0.021396,0.00018375282907913217,33.692575454711914
0,1,2,0.00429855,0.0427863,0.0003675082067137374,34.913076400756836
0,1,3,0.00429322,0.0641725,0.0005512699726080161,35.336421966552734
0.5,1,-3,-0.0526083,4.86477,0.0006072269944694994,37.02496862411499
0.5,1,-2,-0.0519573,4.83486,0.00042043212479358984,36.6005482673645
0.5,1,-1,-0.0513947,4.80796,0.00023369219350271613,39.41804528236389
0.5,1,0,-0.0509184,4.78404,4.6981920293845073e-05,36.40030479431152
0.5,1,1,-0.0513947,4.80796,0.00023369219350271613,36.231714963912964
0.5,1,2,-0.0519573,4.83486,0.00042043212479358984,35.71729636192322
0.5,1,3,-0.0526083,4.86477,0.0006072269944694994,35.72159266471863
1,1,-3,-0.220754,9.6618,0.0006854515055515,35.79936742782593
1,1,-2,-0.218897,9.62127,0.0004894838318752065,35.74980139732361
1,1,-1,-0.217378,9.58679,0.00029375479235628087,36.05859732627869
1,1,0,-0.216189,9.55826,9.816126467535932e-05,35.56020545959473
1,1,1,-0.217378,9.58679,0.00029375479235628087,35.88820505142212
1,1,2,-0.218897,9.62127,0.0004894838318752065,34.518595695495605
1,1,3,-0.220754,9.6618,0.0006854515055515,32.41289019584656
2,1,-3,-0.88709,19.2025,0.0009256454941106493,36.023799657821655
2,1,-2,-0.880526,19.1345,0.0006926519490050496,34.677528381347656
2,1,-1,-0.875309,19.0786,0.0004607680065970689,34.57166838645935
2,1,0,-0.8714,19.0347,0.00022959999596545638,34.814913749694824
2,1,1,-0.875309,19.0786,0.0004607680065970689,34.732759952545166
2,1,2,-0.880526,19.1345,0.0006926519490050496,34.72661876678467
2,1,3,-0.88709,19.2025,0.0009256454941106493,34.10628604888916
3,1,-3,-1.98081,28.6135,0.0013048396527991057,33.79278540611267
3,1,-2,-1.96551,28.5098,0.0010093557983276243,34.43690252304077
3,1,-1,-1.95322,28.4243,0.0007169040280261016,34.59318733215332
3,1,0,-1.94387,28.3568,0.00042651637834071324,34.99054288864136
3,1,1,-1.95322,28.4243,0.0007169040280261016,34.90250277519226
3,1,2,-1.96551,28.5098,0.0010093557983276243,34.51145911216736
3,1,3,-1.98081,28.6135,0.0013048396527991057,33.80456733703613
4,1,-3,-3.47487,37.8104,0.001852840175543787,35.64001131057739
4,1,-2,-3.44936,37.6827,0.0014696137414955009,34.8086256980896
4,1,-1,-3.4255,37.5597,0.0010920654911111519,36.262707233428955
4,1,0,-3.40682,37.4604,0.0007187104810391428,37.08048915863037
4,1,1,-3.4255,37.5597,0.0010920654911111519,38.12989616394043
4,1,2,-3.44936,37.6827,0.0014696137414955009,37.18161749839783
4,1,3,-3.47487,37.8104,0.001852840175543787,38.92292833328247
5,1,-3,-5.33817,46.7486,0.002597287833560024,36.91691589355469
5,1,-2,-5.28964,46.5536,0.002099420333789057,35.40789818763733
5,1,-1,-5.2497,46.3898,0.0016121942318489768,34.868293046951294
5,1,0,-5.21794,46.2559,0.0011327751706761537,35.80040645599365
5,1,1,-5.2497,46.3898,0.0016121942318489768,36.13862752914429
5,1,2,-5.28964,46.5536,0.002099420333789057,35.98773407936096
5,1,3,-5.33817,46.7486,0.002597287833560024,36.234336853027344
6,1,-3,-7.53153,55.3765,0.003561662358861842,37.53767371177673
6,1,-2,-7.45701,55.1272,0.002923092220484961,37.39461588859558
6,1,-1,-7.39496,54.9154,0.0023013552301048078,38.118759632110596
6,1,0,-7.34469,54.7396,0.001692582304805392,39.53807735443115
6,1,1,-7.39496,54.9154,0.0023013552301048078,38.34577941894531
6,1,2,-7.45701,55.1272,0.002923092220484961,40.31746196746826
6,1,3,-7.53153,55.3765,0.003561662358861842,43.04523015022278
7,1,-3,-10.0143,63.6618,0.004766593685074338,45.91648721694946
7,1,-2,-9.90695,63.3538,0.003960103220960177,42.48214244842529
7,1,-1,-9.81672,63.09,0.0031793461773307074,43.313021659851074
7,1,0,-9.74254,62.8681,0.002417998407542777,38.967432260513306
7,1,1,-9.81672,63.09,0.0031793461773307074,37.60183382034302
7,1,2,-9.90695,63.3538,0.003960103220960177,37.22451066970825
7,1,3,-10.0143,63.6618,0.004766593685074338,37.34028148651123
8,1,-3,-12.7462,71.5853,0.006228891418004243,37.56097722053528
8,1,-2,-12.5973,71.2108,0.005226377051095583,39.14130973815918
8,1,-1,-12.4722,70.8905,0.004261256282353351,39.070213079452515
8,1,0,-12.3682,70.6182,0.003325149035302918,38.88428354263306
8,1,1,-12.4722,70.8905,0.004261256282353351,39.199312925338745
8,1,2,-12.5973,71.2108,0.005226377051095583,38.808513164520264
8,1,3,-12.7462,71.5853,0.006228891418004243,38.57439565658569
9,1,-3,-15.6844,79.1273,0.007961608022727846,38.8578667640686
9,1,-2,-15.4893,78.6906,0.006736585361067095,38.68872261047363
9,1,-1,-15.3228,78.3114,0.00556184224976332,39.434879302978516
9,1,0,-15.1831,77.9861,0.004427053571404793,38.95565104484558
9,1,1,-15.3228,78.3114,0.00556184224976332,38.7126305103302
9,1,2,-15.4893,78.6906,0.006736585361067095,38.59078645706177
9,1,3,-15.6844,79.1273,0.007961608022727846,43.51259469985962
10,1,-3,-18.7965,86.2965,0.009978018016168896,40.92174768447876
10,1,-2,-18.5461,85.7917,0.008499586933606418,40.55401277542114
10,1,-1,-18.3316,85.3512,0.0070894534440589475,40.420398235321045
10,1,0,-18.1501,84.9706,0.005734727744413903,39.41482996940613
10,1,1,-18.3316,85.3512,0.0070894534440589475,38.20712876319885
10,1,2,-18.5461,85.7917,0.008499586933606418,38.134519815444946
10,1,3,-18.7965,86.2965,0.009978018016168896,38.354652404785156
12,1,-3,-25.4112,99.5314,0.014892989361153993,38.26412057876587
12,1,-2,-25.0273,98.885,0.012819091035982532,38.20097541809082
12,1,-1,-24.6966,98.3175,0.010860365823555268,38.41160750389099
12,1,0,-24.4141,97.8224,0.008994335027505334,39.52833819389343
12,1,1,-24.6966,98.3175,0.010860365823555268,42.43084764480591
12,1,2,-25.0273,98.885,0.012819091035982532,42.10432410240173
12,1,3,-25.4112,99.5314,0.014892989361153993,43.294023513793945
14,1,-3,-32.3742,111.379,0.021031401359418653,40.26559495925903
14,1,-2,-31.8252,110.586,0.01821991339686092,39.55902576446533
14,1,-1,-31.3555,109.894,0.015612603451075426,39.90794587135315
14,1,0,-30.9525,109.288,0.013145321792619933,40.176825284957886
14,1,1,-31.3555,109.894,0.015612603451075426,39.02614974975586
14,1,2,-31.8252,110.586,0.01821991339686092,39.333696365356445
14,1,3,-32.3742,111.379,0.021031401359418653,39.85090208053589
16,1,-3,-39.5311,121.972,0.02842492848236199,40.57313537597656
16,1,-2,-38.7842,121.028,0.024758233074484073,41.517151832580566
16,1,-1,-38.139,120.195,0.021363168226189045,39.09549427032471
16,1,0,-37.5836,119.463,0.01819077756153447,39.79499053955078
16,1,1,-38.139,120.195,0.021363168226189045,40.36577486991882
16,1,2,-38.7842,121.028,0.024758233074484073,41.327600717544556
16,1,3,-39.5311,121.972,0.02842492848236199,46.924967527389526
18,1,-3,-46.7012,131.366,0.03684639234124197,42.02081561088562
18,1,-2,-45.7774,130.333,0.03233266079092018,41.06325960159302
18,1,-1,-44.9526,129.388,0.028097570742184184,40.55329394340515
18,1,0,-44.2302,128.54,0.024133289222794358,40.73936653137207
18,1,1,-44.9526,129.388,0.028097570742184184,41.31285858154297
18,1,2,-45.7774,130.333,0.03233266079092018,41.47819781303406
18,1,3,-46.7012,131.366,0.03684639234124197,41.50919151306152
20,1,-3,-54.013,139.926,0.046952905147594544,43.686805963516235
20,1,-2,-52.7883,138.699,0.04113236415781933,45.62657904624939
20,1,-1,-51.728,137.609,0.03582698029976267,43.861024618148804
20,1,0,-50.8109,136.642,0.030941949772073235,42.370537519454956
20,1,1,-51.728,137.609,0.03582698029976267,43.2500433921814
20,1,2,-52.7883,138.699,0.04113236415781933,42.981218576431274
20,1,3,-54.013,139.926,0.046952905147594544,44.17448449134827
0,2,-3,0.00858842,0.0617897,0.0005512097663992743,32.22557997703552
0,2,-2,0.00859339,0.0412008,0.00036746806946994035,31.741177082061768
0,2,-1,0.00859368,0.0206052,0.00018373185711098385,32.198864459991455
0,2,0,0.00858932,5.61029e-06,-1.2258055342578397e-09,30.717018365859985
0,2,1,0.00859368,0.0206052,0.00018373185711098385,32.46339392662048
0,2,2,0.00859339,0.0412008,0.00036746806946994035,32.60374617576599
0,2,3,0.00858842,0.0617897,0.0005512097663992743,32.928489446640015
0.5,2,-3,-0.0433214,4.64976,0.0006044456009388633,34.48681116104126
0.5,2,-2,-0.0427392,4.62154,0.0004179868027626996,34.425490617752075
0.5,2,-1,-0.0422337,4.59603,0.00023157339484543386,33.99141311645508
0.5,2,0,-0.041803,4.57319,4.518190338854951e-05,34.22757363319397
0.5,2,1,-0.0422337,4.59603,0.00023157339484543386,34.0427405834198
0.5,2,2,-0.0427392,4.62154,0.0004179868027626996,34.40051603317261
0.5,2,3,-0.0433214,4.64976,0.0006044456009388633,34.02182102203369
1,2,-3,-0.196814,9.23672,0.0006775802791763265,34.2919979095459
1,2,-2,-0.195179,9.19912,0.00048289009812153193,35.261250019073486
1,2,-1,-0.193834,9.16691,0.00028839984315262893,35.44969058036804
1,2,0,-0.192773,9.14003,9.401284229538464e-05,33.822805404663086
1,2,1,-0.193834,9.16691,0.00028839984315262893,32.89542102813721
1,2,2,-0.195179,9.19912,0.00048289009812153193,32.63768029212952
1,2,3,-0.196814,9.23672,0.0006775802791763265,32.522531032562256
2,2,-3,-0.804963,18.3584,0.0008980900811243208,35.18681001663208
2,2,-2,-0.799266,18.2964,0.0006701998996558869,35.81638026237488
2,2,-1,-0.79473,18.2453,0.0004432451322627515,35.83353281021118
2,2,0,-0.791322,18.2049,0.00021688372764212203,35.83792185783386
2,2,1,-0.79473,18.2453,0.0004432451322627515,35.90206432342529
2,2,2,-0.799266,18.2964,0.0006701998996558869,35.787850856781006
2,2,3,-0.804963,18.3584,0.0008980900811243208,35.91576361656189
3,2,-3,-1.80421,27.3664,0.0012414195180280624,35.933279514312744
3,2,-2,-1.79107,27.2731,0.0009576132283230589,35.68770933151245
3,2,-1,-1.78055,27.1963,0.000676258397721866,35.682218074798584
3,2,0,-1.77257,27.1357,0.00039664514048927586,35.781909227371216
3,2,1,-1.78055,27.1963,0.000676258397721866,36.13290190696716
3,2,2,-1.79107,27.2731,0.0009576132283230589,35.85783767700195
3,2,3,-1.80421,27.3664,0.0012414195180280624,35.24283790588379
4,2,-3,-3.17366,36.1964,0.0017340004995136816,36.602136850357056
4,2,-2,-3.14884,36.0656,0.0013712912324456855,36.3423125743866
4,2,-1,-3.12871,35.9569,0.001013613863981592,36.17991089820862
4,2,0,-3.1131,35.8698,0.0006594196846913748,36.500808238983154
4,2,1,-3.12871,35.9569,0.001013613863981592,37.29059815406799
4,2,2,-3.14884,36.0656,0.0013712912324456855,37.251848459243774
4,2,3,-3.17366,36.1964,0.0017340004995136816,37.47537422180176
5,2,-3,-4.88561,44.7962,0.0024000630046169366,38.59251594543457
5,2,-2,-4.84416,44.6221,0.0019350981041533033,38.93570327758789
5,2,-1,-4.81011,44.476,0.0014789040558716448,39.02088260650635
5,2,0,-4.78311,44.3567,0.0010292912872077774,40.0519642829895
5,2,1,-4.81011,44.476,0.0014789040558716448,39.39456295967102
5,2,2,-4.84416,44.6221,0.0019350981041533033,38.92771863937378
5,2,3,-4.88561,44.7962,0.0024000630046169366,41.56201958656311
6,2,-3,-6.90777,53.124,0.003261020698505708,38.56431031227112
6,2,-2,-6.84423,52.902,0.0026699971004473144,38.36764693260193
6,2,-1,-6.7914,52.7136,0.002093225450165752,38.29895544052124
6,2,0,-6.74871,52.5574,0.0015272265896885068,38.710736989974976
6,2,1,-6.7914,52.7136,0.002093225450165752,39.26209807395935
6,2,2,-6.84423,52.902,0.0026699971004473144,38.61306095123291
6,2,3,-6.90777,53.124,0.003261020698505708,38.43789267539978
7,2,-3,-9.2042,61.1452,0.004334735857057551,39.48826861381531
7,2,-2,-9.11258,60.8708,0.003593853176563955,39.94101095199585
7,2,-1,-9.03562,60.6357,0.0028742520038083042,39.7504403591156
7,2,0,-8.97251,60.4383,0.00217122519615357,38.59205961227417
7,2,1,-9.03562,60.6357,0.0028742520038083042,39.4758734703064
7,2,2,-9.11258,60.8708,0.003593853176563955,38.34215450286865
7,2,3,-9.2042,61.1452,0.004334735857057551,38.33018398284912
8,2,-3,-11.7405,68.8429,0.005637964766251295,38.570727825164795
8,2,-2,-11.6139,68.5106,0.004721882111872315,39.48521876335144
8,2,-1,-11.5072,68.2255,0.003837395567235183,39.47084665298462
8,2,0,-11.4187,67.9835,0.0029767673214969514,39.699949979782104
8,2,1,-11.5072,68.2255,0.003837395567235183,40.42666244506836
8,2,2,-11.6139,68.5106,0.004721882111872315,40.51766514778137
8,2,3,-11.7405,68.8429,0.005637964766251295,37.96398568153381
9,2,-3,-14.4794,76.1978,0.007181705442231563,38.181143283843994
9,2,-2,-14.3127,75.8087,0.006066967536169445,39.532867431640625
9,2,-1,-14.1763,75.4849,0.004997355184953178,38.79527807235718
9,2,0,-14.0565,75.1939,0.00395803618631278,38.653942346572876
9,2,1,-14.1763,75.4849,0.004997355184953178,38.62179756164551
9,2,2,-14.3127,75.8087,0.006066967536169445,40.811399936676025
9,2,3,-14.4794,76.1978,0.007181705442231563,41.114025831222534
10,2,-3,-17.3987,83.2304,0.008984019376272865,39.0749671459198
10,2,-2,-17.1848,82.7806,0.007644874250591859,40.80134892463684
10,2,-1,-17.0004,82.3856,0.00636113475390595,40.38888907432556
10,2,0,-16.8439,82.0431,0.005122506095876443,38.25816464424133
10,2,1,-17.0004,82.3856,0.00636113475390595,37.673192262649536
10,2,2,-17.1848,82.7806,0.007644874250591859,36.82130670547485
10,2,3,-17.3987,83.2304,0.008984019376272865,38.77866220474243
12,2,-3,-23.6196,96.242,0.013370477826520542,38.954684019088745
12,2,-2,-23.2919,95.6667,0.011502762478514398,38.53564095497131
12,2,-1,-23.009,95.1607,0.009730315364523578,38.241997480392456
12,2,0,-22.7669,94.7186,0.008035139866589205,38.641398429870605
12,2,1,-23.009,95.1607,0.009730315364523578,38.85778260231018
12,2,2,-23.2919,95.6667,0.011502762478514398,39.38699221611023
12,2,3,-23.6196,96.242,0.013370477826520542,39.60208249092102
14,2,-3,-30.1907,107.932,0.018845817893242953,42.46871089935303
14,2,-2,-29.7196,107.222,0.0163372940894387,42.39513945579529
14,2,-1,-29.3119,106.595,0.01397920712807375,44.0348117351532
14,2,0,-28.9609,106.045,0.011741359275022404,46.63634133338928
14,2,1,-29.3119,106.595,0.01397920712807375,43.064533710479736
14,2,2,-29.7196,107.222,0.0163372940894387,44.262048959732056
14,2,3,-30.1907,107.932,0.018845817893242953,40.42173981666565
16,2,-3,-36.9872,118.453,0.025454042319517957,41.73036599159241
16,2,-2,-36.3463,117.609,0.022185542475534083,40.69833159446716
16,2,-1,-35.7911,116.862,0.01914090256875998,41.005297899246216
16,2,0,-35.3116,116.202,0.01627731700881556,63.45924353599548
16,2,1,-35.7911,116.862,0.01914090256875998,40.73724389076233
16,2,2,-36.3463,117.609,0.022185542475534083,40.71456551551819
16,2,3,-36.9872,118.453,0.025454042319517957,40.91043305397034
18,2,-3,-43.8821,127.898,0.03317886189894812,40.957130908966064
18,2,-2,-43.0499,126.925,0.029042147437833336,41.997844219207764
18,2,-1,-42.3255,126.059,0.02520991809089328,41.01611018180847
18,2,0,-41.6998,125.294,0.02163330837459001,40.8229546546936
18,2,1,-42.3255,126.059,0.02520991809089328,41.29873490333557
18,2,2,-43.0499,126.925,0.029042147437833336,41.163427114486694
18,2,3,-43.8821,127.898,0.03317886189894812,40.65104341506958
20,2,-3,-50.8176,136.404,0.04208674051410255,43.085909605026245
20,2,-2,-49.7551,135.291,0.036904340177876464,45.091349363327026
20,2,-1,-48.8369,134.305,0.03216602789835287,42.624359369277954
20,2,0,-48.0443,133.434,0.027789253480439098,64.30102038383484
20,2,1,-48.8369,134.305,0.03216602789835287,42.97293019294739
20,2,2,-49.7551,135.291,0.036904340177876464,43.84611201286316
20,2,3,-50.8176,136.404,0.04208674051410255,44.10313630104065
0,3,-3,0.0128833,0.0596089,0.0005511514957163879,31.257102012634277
0,3,-2,0.012888,0.0397495,0.0003674292223399451,31.246203422546387
0,3,-1,0.0128881,0.0198812,0.00018371217536107193,31.45985436439514
0,3,0,0.0128837,8.00736e-06,-1.2903211322157685e-09,30.48866891860962
0,3,1,0.0128881,0.0198812,0.00018371217536107193,32.18663167953491
0,3,2,0.012888,0.0397495,0.0003674292223399451,32.613765478134155
0,3,3,0.0128833,0.0596089,0.0005511514957163879,35.397658586502075
0.5,3,-3,-0.034666,4.45326,0.0006019509188298329,34.742077350616455
0.5,3,-2,-0.0341423,4.42654,0.0004157838049085998,35.14882850646973
0.5,3,-1,-0.0336856,4.40226,0.0002296539524488501,33.580682039260864
0.5,3,0,-0.0332943,4.38039,4.3541887700735194e-05,33.202569246292114
0.5,3,1,-0.0336856,4.40226,0.0002296539524488501,33.21713995933533
0.5,3,2,-0.0341423,4.42654,0.0004157838049085998,33.32388114929199
0.5,3,3,-0.034666,4.45326,0.0006019509188298329,28.662494659423828
1,3,-3,-0.175439,8.85016,0.0006706509931426096,32.877243757247925
1,3,-2,-0.173987,8.81505,0.0004770705622037845,32.971919775009155
1,3,-1,-0.172787,8.7848,0.000283638445881538,33.32166028022766
1,3,0,-0.171557,8.75295,9.025797692460393e-05,34.238300800323486
1,3,1,-0.172787,8.7848,0.000283638445881538,32.83523416519165
1,3,2,-0.173987,8.81505,0.0004770705622037845,32.20723223686218
1,3,3,-0.175439,8.85016,0.0006706509931426096,31.9667489528656
2,3,-3,-0.732612,17.5862,0.0008741024392483809,35.007309913635254
2,3,-2,-0.727635,17.5294,0.0006506188432811654,40.338629961013794
2,3,-1,-0.723664,17.4824,0.0004279222784462369,36.35927867889404
2,3,0,-0.720673,17.4451,0.00020572244501882507,35.82359480857849
2,3,1,-0.723664,17.4824,0.0004279222784462369,35.81508207321167
2,3,2,-0.727635,17.5294,0.0006506188432811654,35.75863242149353
2,3,3,-0.732612,17.5862,0.0008741024392483809,36.12895703315735
3,3,-3,-1.6495,26.2274,0.0011867098859652757,37.78408598899841
3,3,-2,-1.63812,26.1428,0.0009129674882796669,37.360493421554565
3,3,-1,-1.62901,26.0732,0.0006412257185672493,36.07685685157776
3,3,0,-1.6221,26.0181,0.0003709032087981648,35.38944935798645
3,3,1,-1.62901,26.0732,0.0006412257185672493,35.61099338531494
3,3,2,-1.63812,26.1428,0.0009129674882796669,36.45832133293152
3,3,3,-1.6495,26.2274,0.0011867098859652757,36.706475257873535
4,3,-3,-2.90852,34.7134,0.0016319350880019301,36.76016449928284
4,3,-2,-2.88713,34.5956,0.0012870968938358239,36.91750955581665
4,3,-1,-2.86979,34.4977,0.0009465164570288352,37.405879497528076
4,3,0,-2.85638,34.4193,0.0006089676666586222,37.679014921188354
4,3,1,-2.86979,34.4977,0.0009465164570288352,37.47963881492615
4,3,2,-2.88713,34.5956,0.0012870968938358239,42.66521501541138
4,3,3,-2.90852,34.7134,0.0016319350880019301,37.656179428100586
5,3,-3,-4.48634,42.9973,0.002231029995786961,37.81660985946655
5,3,-2,-4.45071,42.841,0.0017941939382270827,37.680893659591675
5,3,-1,-4.42146,42.7099,0.00136490325880198,38.068201303482056
5,3,0,-4.39833,42.6031,0.0009410325874076644,37.60375642776489
5,3,1,-4.42146,42.7099,0.00136490325880198,37.390221118927
5,3,2,-4.45071,42.841,0.0017941939382270827,37.04877066612244
5,3,3,-4.48634,42.9973,0.002231029995786961,37.089396238327026
6,3,-3,-6.35638,51.0442,0.00300379741736026,37.246299028396606
6,3,-2,-6.30178,50.8452,0.002453674078233283,37.46644735336304
6,3,-1,-6.25643,50.6764,0.0019156130318233324,37.28988981246948
6,3,0,-6.21988,50.5368,0.0013865170295932169,37.752368450164795
6,3,1,-6.25643,50.6764,0.0019156130318233324,37.53137445449829
6,3,2,-6.30178,50.8452,0.002453674078233283,37.16454219818115
6,3,3,-6.35638,51.0442,0.00300379741736026,37.279041051864624
7,3,-3,-8.48485,58.8108,0.003965197350383396,39.533578872680664
7,3,-2,-8.40618,58.5652,0.0032805022445994416,40.019810914993286
7,3,-1,-8.34018,58.355,0.0026138667011887285,39.788413286209106
7,3,0,-8.28619,58.1787,0.0019611613065434177,41.904611110687256
7,3,1,-8.34018,58.355,0.0026138667011887285,39.740405797958374
7,3,2,-8.40618,58.5652,0.0032805022445994416,40.07569980621338
7,3,3,-8.48485,58.8108,0.003965197350383396,41.67578458786011
8,3,-3,-10.8441,66.2896,0.005131541374668661,40.95997643470764
8,3,-2,-10.736,65.9942,0.004290285185567779,38.850109815597534
8,3,-1,-10.6446,65.7396,0.003475467635407215,38.75135946273804
8,3,0,-10.5689,65.5237,0.0026806404698429286,38.64004063606262
8,3,1,-10.6446,65.7396,0.003475467635407215,38.6266930103302
8,3,2,-10.736,65.9942,0.004290285185567779,39.01327705383301
8,3,3,-10.8441,66.2896,0.005131541374668661,39.24040412902832
9,3,-3,-13.4014,73.4606,0.006513380637041886,41.12032890319824
9,3,-2,-13.2582,73.1124,0.0054940992769174695,41.0766019821167
9,3,-1,-13.1362,72.8102,0.004510274537615881,41.293983936309814
9,3,0,-13.0341,72.5516,0.00355482144235576,40.998119592666626
9,3,1,-13.1362,72.8102,0.004510274537615881,41.123239278793335
9,3,2,-13.2582,73.1124,0.0054940992769174695,41.17607665061951
9,3,3,-13.4014,73.4606,0.006513380637041886,40.96300554275513
10,3,-3,-16.1277,80.3189,0.00812222386250761,41.207000732421875
10,3,-2,-15.9437,79.9158,0.006901727934930514,42.712788105010986
10,3,-1,-15.7861,79.5643,0.005728921532260283,40.58551359176636
10,3,0,-15.6837,79.333,0.004606401200298801,39.48036432266235
10,3,1,-15.7861,79.5643,0.005728921532260283,41.37021207809448
10,3,2,-15.9437,79.9158,0.006901727934930514,42.43205237388611
10,3,3,-16.1277,80.3189,0.00812222386250761,41.97784733772278
12,3,-3,-22.0257,93.1871,0.012079356207881224,41.00452899932861
12,3,-2,-21.7412,92.6673,0.010383720853089114,38.70861101150513
12,3,-1,-21.4949,92.209,0.008768569913033878,38.51721143722534
12,3,0,-21.2839,91.808,0.007216527862629428,38.35575723648071
12,3,1,-21.4949,92.209,0.008768569913033878,38.84484004974365
12,3,2,-21.7412,92.6673,0.010383720853089114,39.13256812095642
12,3,3,-22.0257,93.1871,0.012079356207881224,38.754284143447876
14,3,-3,-28.2087,104.664,0.016967904170921953,41.1451735496521
14,3,-2,-27.8024,104.026,0.01470664345133079,40.68693995475769
14,3,-1,-27.4502,103.463,0.012570139779285134,40.892024993896484
14,3,0,-27.1469,102.968,0.01053397331426835,40.67574095726013
14,3,1,-27.4502,103.463,0.012570139779285134,40.52655601501465
14,3,2,-27.8024,104.026,0.01470664345133079,40.48021388053894
14,3,3,-28.2087,104.664,0.016967904170921953,39.81132626533508
16,3,-3,-34.6704,115.105,0.02290214002580114,40.011756896972656
16,3,-2,-34.1182,114.347,0.01996922125063185,39.75392723083496
16,3,-1,-33.6397,113.677,0.01722252610747885,39.84209847450256
16,3,0,-33.2279,113.088,0.014626573539591466,39.96205258369446
16,3,1,-33.6397,113.677,0.01722252610747885,40.36889576911926
16,3,2,-34.1182,114.347,0.01996922125063185,40.402026891708374
16,3,3,-34.6704,115.105,0.02290214002580114,40.94273042678833
18,3,-3,-41.2537,124.52,0.029864204793572414,62.571150064468384
18,3,-2,-40.5298,123.638,0.02614818278405174,63.24690389633179
18,3,-1,-39.9013,122.856,0.02269713430222065,41.28781223297119
18,3,0,-39.3568,122.164,0.019460604225987447,41.316601276397705
18,3,1,-39.9013,122.856,0.02269713430222065,41.838791847229004
18,3,2,-40.5298,123.638,0.02614818278405174,64.10830426216125
18,3,3,-41.2537,124.52,0.029864204793572414,64.9200119972229
20,3,-3,-47.8823,133.017,0.03785447368998281,72.12296080589294
20,3,-2,-46.9642,132.013,0.03323983849338678,42.736300468444824
20,3,-1,-46.1684,131.124,0.028993820404482208,42.30355882644653
20,3,0,-45.4773,130.333,0.025040396978080342,61.57834815979004
20,3,1,-46.1684,131.124,0.028993820404482208,42.21699142456055
20,3,2,-46.9642,132.013,0.03323983849338678,42.280357837677
20,3,3,-47.8823,133.017,0.03785447368998281,64.91808342933655
0,4,-3,0.017178,0.0576051,0.0005510951605571844,31.52881360054016
0,4,-2,0.0171824,0.0384157,0.00036739166532237825,30.901406288146973
0,4,-1,0.0171823,0.0192158,0.00018369346160337392,30.823678970336914
0,4,0,0.0171778,1.01765e-05,-1.9354809741255265e-09,30.507957458496094
0,4,1,0.0171823,0.0192158,0.00018369346160337392,32.11749887466431
0,4,2,0.0171824,0.0384157,0.00036739166532237825,31.869020700454712
0,4,3,0.017178,0.0576051,0.0005510951605571844,32.425864458084106
0.5,4,-3,-0.0265408,4.27303,0.0005997010124028067,35.2586510181427
0.5,4,-2,-0.0260672,4.24764,0.0004137898028616586,33.990583658218384
0.5,4,-1,-0.0256526,4.22447,0.00022790954353713922,35.25532507896423
0.5,4,0,-0.0252955,4.20347,4.204058275372241e-05,34.19921088218689
0.5,4,1,-0.0256526,4.22447,0.00022790954353713922,35.64031958580017
0.5,4,2,-0.0260672,4.24764,0.0004137898028616586,33.92040729522705
0.5,4,3,-0.0265408,4.27303,0.0005997010124028067,33.291746616363525
1,4,-3,-0.155714,8.48551,0.0006643539265991017,34.33095860481262
1,4,-2,-0.154415,8.45252,0.00047173487062295797,33.886306285858154
1,4,-1,-0.153337,8.42398,0.0002792641485283917,33.294387102127075
1,4,0,-0.152477,8.39981,8.685794661919287e-05,32.99480128288269
1,4,1,-0.153337,8.42398,0.0002792641485283917,34.6065731048584
1,4,2,-0.154415,8.45252,0.00047173487062295797,34.54031181335449
1,4,3,-0.155714,8.48551,0.0006643539265991017,34.63983154296875
2,4,-3,-0.668476,16.8772,0.0008530831136473734,35.68476152420044
2,4,-2,-0.6641,16.8249,0.000633425313074141,35.95035982131958
2,4,-1,-0.660601,16.7815,0.0004144316995871869,35.79090762138367
2,4,0,-0.657957,16.7469,0.00019586426089631618,34.57949256896973
2,4,1,-0.660601,16.7815,0.0004144316995871869,34.59977078437805
2,4,2,-0.6641,16.8249,0.000633425313074141,35.28482174873352
2,4,3,-0.668476,16.8772,0.0008530831136473734,35.395198822021484
3,4,-3,-1.51271,25.1798,0.0011392253136094552,36.897963762283325
3,4,-2,-1.50279,25.1028,0.0008741288096170467,36.83502817153931
3,4,-1,-1.49484,25.0392,0.0006107092074888177,39.53788685798645
3,4,0,-1.48882,24.9889,0.00034851589007265364,38.35392498970032
3,4,1,-1.49484,25.0392,0.0006107092074888177,37.453142404556274
3,4,2,-1.50279,25.1028,0.0008741288096170467,35.600608348846436
3,4,3,-1.51271,25.1798,0.0011392253136094552,36.87908744812012
4,4,-3,-2.67394,33.3465,0.0015435471612424345,37.016236305236816
4,4,-2,-2.65536,33.2398,0.0012141937350562415,37.11409616470337
4,4,-1,-2.64033,33.1511,0.0008885158952161196,37.095723152160645
4,4,0,-2.62872,33.0801,0.0005654192945840474,37.3836395740509
4,4,1,-2.64033,33.1511,0.0008885158952161196,36.92043685913086
4,4,2,-2.65536,33.2398,0.0012141937350562415,37.23567032814026
4,4,3,-2.67394,33.3465,0.0015435471612424345,37.037731647491455
5,4,-3,-4.13242,41.335,0.0020851596135682366,37.08701777458191
5,4,-2,-4.10156,41.1941,0.0016727091965302295,40.51836037635803
5,4,-1,-4.07628,41.0759,0.0012667098171501617,37.70052528381348
5,4,0,-4.05634,40.9797,0.00086535462270596,38.293002128601074
5,4,1,-4.07628,41.0759,0.0012667098171501617,36.83063459396362
5,4,2,-4.10156,41.1941,0.0016727091965302295,37.48176956176758
5,4,3,-4.13242,41.335,0.0020851596135682366,38.41075778007507
6,4,-3,-5.86674,49.1187,0.0027823171960970976,38.00244951248169
6,4,-2,-5.81949,48.9394,0.0022675459636282394,38.002501010894775
6,4,-1,-5.7803,48.7875,0.0017630315688377074,38.13021755218506
6,4,0,-5.74881,48.662,0.0012661936886127418,40.192065954208374
6,4,1,-5.7803,48.7875,0.0017630315688377074,37.58733248710632
6,4,2,-5.81949,48.9394,0.0022675459636282394,37.9638147354126
6,4,3,-5.86674,49.1187,0.0027823171960970976,38.880781412124634
7,4,-3,-7.84342,56.6405,0.003646820190078219,41.773972034454346
7,4,-2,-7.77547,56.4197,0.003010765096281461,45.36107349395752
7,4,-1,-7.71854,56.2309,0.002390124480896914,42.76606464385986
7,4,0,-7.67208,56.0728,0.00178122507182638,41.100234508514404
7,4,1,-7.71854,56.2309,0.002390124480896914,40.627002477645874
7,4,2,-7.77547,56.4197,0.003010765096281461,40.78607416152954
7,4,3,-7.84342,56.6405,0.003646820190078219,44.97035551071167
8,4,-3,-10.0425,63.9088,0.004695557187405783,64.24650502204895
8,4,-2,-9.94909,63.6432,0.003918553004167383,59.55383539199829
8,4,-1,-9.87015,63.4144,0.0031630841844522187,63.58389854431152
8,4,0,-9.80489,63.2207,0.002425351647871139,60.66206407546997
8,4,1,-9.87015,63.4144,0.0031630841844522187,58.846009254455566
8,4,2,-9.94909,63.6432,0.003918553004167383,58.07615280151367
8,4,3,-10.0425,63.9088,0.004695557187405783,64.96741127967834
9,4,-3,-12.434,70.8996,0.005937941092590552,48.155710220336914
9,4,-2,-12.3106,70.5874,0.005001219585418094,77.68653202056885
9,4,-1,-12.2052,70.316,0.004092869809333179,67.98262357711792
9,4,0,-12.1168,70.083,0.003209664326622584,46.447317361831665
9,4,1,-12.2052,70.316,0.004092869809333179,67.76716089248657
9,4,2,-12.3106,70.5874,0.005001219585418094,67.79569935798645
9,4,3,-12.434,70.8996,0.005937941092590552,47.73792743682861
10,4,-3,-14.991,77.6037,0.007384898395500432,46.595958948135376
10,4,-2,-14.8319,77.2413,0.00626629682229959,48.69889688491821
10,4,-1,-14.6956,76.9253,0.00518766192939317,45.92378640174866
10,4,0,-14.5808,76.653,0.0041418984374679444,46.14774703979492
10,4,1,-14.6956,76.9253,0.00518766192939317,44.58869934082031
10,4,2,-14.8319,77.2413,0.00626629682229959,46.849343061447144
10,4,3,-14.991,77.6037,0.007384898395500432,42.71365833282471
12,4,-3,-20.5038,90.1471,0.010919065850252443,45.07386016845703
12,4,-2,-20.2585,89.6809,0.009377487121152316,42.997273445129395
12,4,-1,-20.0467,89.2708,0.007902893016744057,48.36699604988098
12,4,0,-19.8658,88.9133,0.006482406198173704,43.22399401664734
12,4,1,-20.0467,89.2708,0.007902893016744057,42.68059802055359
12,4,2,-20.2585,89.6809,0.009377487121152316,46.710063219070435
12,4,3,-20.5038,90.1471,0.010919065850252443,46.584213972091675
14,4,-3,-26.4046,101.562,0.015345598232259007,43.10373020172119
14,4,-2,-26.0523,100.987,0.013295047226520345,41.512404918670654
14,4,-1,-25.7465,100.479,0.011349249480890585,41.390331745147705
14,4,0,-25.4832,100.032,0.009487796327693388,41.570072889328
14,4,1,-25.7465,100.479,0.011349249480890585,43.261767864227295
14,4,2,-26.0523,100.987,0.013295047226520345,42.48319959640503
14,4,3,-26.4046,101.562,0.015345598232259007,42.895140171051025
16,4,-3,-32.5591,111.922,0.020700777339989825,43.99330949783325
16,4,-2,-32.0844,111.245,0.018056647990036413,42.50392246246338
16,4,-1,-31.6754,110.651,0.01556874767320405,42.57355046272278
16,4,0,-31.3274,110.135,0.013208616928404193,42.794726610183716
16,4,1,-31.6754,110.651,0.01556874767320405,41.73946261405945
16,4,2,-32.0844,111.245,0.018056647990036413,42.699427127838135
16,4,3,-32.5591,111.922,0.020700777339989825,46.695069789886475
18,4,-3,-38.8404,121.284,0.02697648583001987,76.85567259788513
18,4,-2,-38.2115,120.487,0.023633369883930645,77.11809015274048
18,4,-1,-37.6733,119.792,0.020520888611980287,52.42164874076843
18,4,0,-37.2032,119.172,0.01758161238835142,57.42166590690613
18,4,1,-37.6733,119.792,0.020520888611980287,51.21135401725769
18,4,2,-38.2115,120.487,0.023633369883930645,75.54652523994446
18,4,3,-38.8404,121.284,0.02697648583001987,76.04644513130188
20,4,-3,-45.1891,129.77,0.03419263030244196,74.69232726097107
20,4,-2,-44.3985,128.872,0.0300639402288764,49.65162968635559
20,4,-1,-43.6966,128.055,0.026224235092188866,72.05112290382385
20,4,0,-43.0924,127.338,0.022637179436765794,71.18371033668518
20,4,1,-43.6966,128.055,0.026224235092188866,71.64271330833435
20,4,2,-44.3985,128.872,0.0300639402288764,42.86628341674805
20,4,3,-45.1891,129.77,0.03419263030244196,64.490642786026
0,5,-3,0.0214724,0.0557574,0.000551039470955431,32.52647924423218
0,5,-2,0.0214765,0.0371856,0.0003673549472779033,32.69270610809326
0,5,-1,0.0214763,0.0186021,0.00018367442504263278,32.48453330993652
0,5,0,0.0214718,1.21442e-05,-2.5806403332689515e-09,31.261999368667603
0,5,1,0.0214763,0.0186021,0.00018367442504263278,32.45843243598938
0,5,2,0.0214765,0.0371856,0.0003673549472779033,31.922168970108032
0,5,3,0.0214724,0.0557574,0.000551039470955431,31.68014121055603
0.5,5,-3,-0.018864,4.10716,0.0005976627201569656,34.45118069648743
0.5,5,-2,-0.0184338,4.08297,0.00041197665183136144,34.591057538986206
0.5,5,-1,-0.0180556,4.06079,0.00022631513569590413,34.5532546043396
0.5,5,0,-0.0177284,4.04059,4.066185938443375e-05,34.883631229400635
0.5,5,1,-0.0180556,4.06079,0.00022631513569590413,34.158371686935425
0.5,5,2,-0.0184338,4.08297,0.00041197665183136144,36.047991037368774
0.5,5,3,-0.018864,4.10716,0.0005976627201569656,41.92434334754944
1,5,-3,-0.138025,8.15545,0.000658784003432021,42.530993700027466
1,5,-2,-0.136859,8.12441,0.00046701856762966054,42.58327770233154
1,5,-1,-0.135888,8.09741,0.0002753672730689747,42.0680935382843
1,5,0,-0.135107,8.07438,8.377404742342294e-05,35.65344214439392
1,5,1,-0.135888,8.09741,0.0002753672730689747,34.841219425201416
1,5,2,-0.136859,8.12441,0.00046701856762966054,34.66651391983032
1,5,3,-0.138025,8.15545,0.000658784003432021,34.72848677635193
2,5,-3,-0.611303,16.2243,0.0008345535681161986,37.05514168739319
2,5,-2,-0.607433,16.1759,0.000618231381581744,36.71257781982422
2,5,-1,-0.60433,16.1356,0.00040247687829771204,36.73438596725464
2,5,0,-0.601978,16.1033,0.00018707717578249702,37.392043590545654
2,5,1,-0.60433,16.1356,0.00040247687829771204,37.195547580718994
2,5,2,-0.607433,16.1759,0.000618231381581744,41.775327920913696
2,5,3,-0.611303,16.2243,0.0008345535681161986,39.03151297569275
3,5,-3,-1.39119,24.2138,0.0010976762703152133,44.58101558685303
3,5,-2,-1.38248,24.1433,0.0008401282925810909,48.37444615364075
3,5,-1,-1.37551,24.0851,0.0005839991800606207,47.69823670387268
3,5,0,-1.37022,24.0388,0.00032896730559463477,46.984416484832764
3,5,1,-1.37551,24.0851,0.0005839991800606207,49.72758460044861
3,5,2,-1.38248,24.1433,0.0008401282925810909,41.27922868728638
3,5,3,-1.39119,24.2138,0.0010976762703152133,39.29238271713257
4,5,-3,-2.46539,32.083,0.0014665795936933586,37.956947326660156
4,5,-2,-2.44916,31.9859,0.001150773685565895,37.7798752784729
4,5,-1,-2.43604,31.9052,0.0008381282952796858,37.55185580253601
4,5,0,-2.42592,31.8406,0.000527612513872562,38.637996196746826
4,5,1,-2.43604,31.9052,0.0008381282952796858,38.28279209136963
4,5,2,-2.44916,31.9859,0.001150773685565895,38.24524807929993
4,5,3,-2.46539,32.083,0.0014665795936933586,39.0829975605011
5,5,-3,-3.81735,39.7954,0.001958449109007241,38.296510457992554
5,5,-2,-3.79048,39.6677,0.0015673535552563145,40.469977617263794
5,5,-1,-3.76848,39.5606,0.0011817421477915248,38.780330181121826
5,5,0,-3.75117,39.4735,0.0007999993132050306,38.452465295791626
5,5,1,-3.76848,39.5606,0.0011817421477915248,39.527076721191406
5,5,2,-3.79048,39.6677,0.0015673535552563145,38.727444887161255
5,5,3,-3.81735,39.7954,0.001958449109007241,38.35741448402405
6,5,-3,-5.43044,47.3333,0.0025905103342663232,39.82914113998413
6,5,-2,-5.38937,47.1713,0.0021064484973724105,40.137558937072754
6,5,-1,-5.35535,47.0341,0.0016312888755696468,41.10154604911804
6,5,0,-5.3281,46.921,0.0011625156053409612,41.7393798828125
6,5,1,-5.35535,47.0341,0.0016312888755696468,40.035685300827026
6,5,2,-5.38937,47.1713,0.0021064484973724105,39.11394023895264
6,5,3,-5.43044,47.3333,0.0025905103342663232,39.03247880935669
7,5,-3,-7.26929,54.6185,0.003370886108551054,41.02624177932739
7,5,-2,-7.21028,54.4192,0.0027772168745090675,41.29793334007263
7,5,-1,-7.16089,54.2489,0.002196643045364394,41.38557720184326
7,5,0,-7.12068,54.1065,0.0016261921148968015,40.981664419174194
7,5,1,-7.16089,54.2489,0.002196643045364394,42.79838728904724
7,5,2,-7.21028,54.4192,0.0027772168745090675,41.52857947349548
7,5,3,-7.26929,54.6185,0.003370886108551054,47.68297719955444
8,5,-3,-9.32301,61.6847,0.004317636661433474,50.35058665275574
8,5,-2,-9.2419,61.4451,0.0035964314664486256,41.628891944885254
8,5,-1,-9.17342,61.2388,0.0028938628895521642,42.49621653556824
8,5,0,-9.11693,61.0644,0.0022059319057427637,43.20596480369568
8,5,1,-9.17342,61.2388,0.0028938628895521642,42.32365083694458
8,5,2,-9.2419,61.4451,0.0035964314664486256,42.47087836265564
8,5,3,-9.32301,61.6847,0.004317636661433474,41.870237827301025
9,5,-3,-11.5632,68.5001,0.005439907732856325,58.00038146972656
9,5,-2,-11.4568,68.2208,0.004573498795047956,40.23265790939331
9,5,-1,-11.3651,67.9754,0.0037322335112427046,41.71600580215454
9,5,0,-11.2886,67.766,0.0029116027971020563,40.37791728973389
9,5,1,-11.3651,67.9754,0.0037322335112427046,39.916049003601074
9,5,2,-11.4568,68.2208,0.004573498795047956,40.70321202278137
9,5,3,-11.5632,68.5001,0.005439907732856325,56.96700119972229
10,5,-3,-13.9646,75.0519,0.006744318142951175,39.74197340011597
10,5,-2,-13.8262,74.7248,0.005714724880784619,39.97063398361206
10,5,-1,-13.7078,74.4396,0.0047192954449074885,43.09244394302368
10,5,0,-13.6082,74.1942,0.0037509428905252266,40.490102767944336
10,5,1,-13.7078,74.4396,0.0047192954449074885,36.654764890670776
10,5,2,-13.8262,74.7248,0.005714724880784619,29.9104323387146
10,5,3,-13.9646,75.0519,0.006744318142951175,26.899866819381714
12,5,-3,-19.1639,87.3594,0.009936081794934066,25.432024002075195
12,5,-2,-18.9505,86.9382,0.008524089687445054,25.96573805809021
12,5,-1,-18.7661,86.5678,0.0071694343150977505,41.81453013420105
12,5,0,-18.6089,86.2451,0.005861162702020893,41.52118968963623
12,5,1,-18.7661,86.5678,0.0071694343150977505,42.81398296356201
12,5,2,-18.9505,86.9382,0.008524089687445054,40.83338665962219
12,5,3,-19.1639,87.3594,0.009936081794934066,40.718191623687744
14,5,-3,-24.7582,98.6155,0.013936674306318208,40.86455321311951
14,5,-2,-24.4513,98.096,0.012067092857648835,40.875314235687256
14,5,-1,-24.1846,97.6363,0.010286309227022809,47.702500104904175
14,5,0,-23.955,97.2322,0.008577627244018868,40.91452503204346
14,5,1,-24.1846,97.6363,0.010286309227022809,40.66857671737671
14,5,2,-24.4513,98.096,0.012067092857648835,40.921708822250366
14,5,3,-24.7582,98.6155,0.013936674306318208,40.86589193344116
16,5,-3,-30.6343,108.902,0.018796165757112307,43.70239043235779
16,5,-2,-30.2273,108.3,0.016399850704195446,43.81828022003174
16,5,-1,-29.8798,107.778,0.014136490992163629,42.37751317024231
16,5,0,-29.5878,107.33,0.011981956608055242,42.10847854614258
16,5,1,-29.8798,107.778,0.014136490992163629,42.01114106178284
16,5,2,-30.2273,108.3,0.016399850704195446,41.893330335617065
16,5,3,-30.6343,108.902,0.018796165757112307,41.41293525695801
18,5,-3,-36.6232,118.188,0.02446381425933271,65.42491602897644
18,5,-2,-36.074,117.465,0.021439246198502425,72.8449592590332
18,5,-1,-35.5965,116.825,0.018600780479598136,50.331809759140015
18,5,0,-35.1774,116.251,0.015908525764539348,82.3857650756836
18,5,1,-35.5965,116.825,0.018600780479598136,49.44251036643982
18,5,2,-36.074,117.465,0.021439246198502425,72.97863626480103
18,5,3,-36.6232,118.188,0.02446381425933271,73.05856323242188
20,5,-3,-42.71,126.655,0.031005730678655318,69.43747925758362
20,5,-2,-42.0128,125.832,0.027275986833810974,70.1258659362793
20,5,-1,-41.4496,125.156,0.02384465525207046,49.378400802612305
20,5,0,-40.9201,124.504,0.020571824982106114,48.211843490600586
20,5,1,-41.4496,125.156,0.02384465525207046,47.69025540351868
20,5,2,-42.0128,125.832,0.027275986833810974,68.3088002204895
20,5,3,-42.71,126.655,0.031005730678655318,69.3902645111084
0,10,-3,0.0429407,0.0483189,0.0005507803765513942,31.29500460624695
0,10,-2,0.0429439,0.0322317,0.0003671811641174852,33.55452537536621
0,10,-1,0.0429431,0.0161297,0.00018358640442677504,32.82772994041443
0,10,0,0.0429384,1.96477e-05,-6.45158876396774e-09,35.95532250404358
0,10,1,0.0429431,0.0161297,0.00018358640442677504,32.57867240905762
0,10,2,0.0429439,0.0322317,0.0003671811641174852,32.65230369567871
0,10,3,0.0429407,0.0483189,0.0005507803765513942,31.41165041923523
0.5,10,-3,0.0147559,3.44422,0.0005898009504186804,37.7049925327301
0.5,10,-2,0.0150387,3.42451,0.0004049197791324455,37.91231822967529
0.5,10,-1,0.0152914,3.40609,0.00022004518725003548,37.47527194023132
0.5,10,0,0.0155144,3.38895,3.516761032605688e-05,34.15387988090515
0.5,10,1,0.0152914,3.40609,0.00022004518725003548,33.867289781570435
0.5,10,2,0.0150387,3.42451,0.0004049197791324455,33.92447781562805
0.5,10,3,0.0147559,3.44422,0.0005898009504186804,33.80579423904419
1,10,-3,-0.0682942,6.83159,0.0006379686174300868,37.414013147354126
1,10,-2,-0.0675672,6.80761,0.00044916934370801997,35.99184989929199
1,10,-1,-0.0669491,6.78624,0.00026041776292626934,36.340835094451904
1,10,0,-0.0664382,6.76745,7.168231691644485e-05,38.78608965873718
1,10,1,-0.0669491,6.78624,0.00026041776292626934,36.68690848350525
1,10,2,-0.0675672,6.80761,0.00044916934370801997,36.4872567653656
1,10,3,-0.0682942,6.83159,0.0006379686174300868,36.687533140182495
2,10,-3,-0.399169,13.6039,0.0007678365772646725,36.4364755153656
2,10,-2,-0.396899,13.5691,0.0005631594141440503,38.18314290046692
2,10,-1,-0.395056,13.5396,0.00035877302082248653,42.24423146247864
2,10,0,-0.39363,13.5152,0.0001545284328534841,38.32738709449768
2,10,1,-0.395056,13.5396,0.00035877302082248653,39.71170496940613
2,10,2,-0.396899,13.5691,0.0005631594141440503,42.999518394470215
2,10,3,-0.399169,13.6039,0.0007678365772646725,41.68426156044006
3,10,-3,-0.945038,20.3183,0.0009509650011679468,46.062589168548584
3,10,-2,-0.940146,20.2703,0.0007197141474372065,51.65551495552063
3,10,-1,-0.936212,20.2301,0.0004892370924596763,45.962464570999146
3,10,0,-0.933214,20.1977,0.00025923786761891757,46.13112926483154
3,10,1,-0.936212,20.2301,0.0004892370924596763,46.863508224487305
3,10,2,-0.940146,20.2703,0.0007197141474372065,46.50929927825928
3,10,3,-0.945038,20.3183,0.0009509650011679468,45.92007231712341
4,10,-3,-1.7066,27.0093,0.001200061617338946,44.36833357810974
4,10,-2,-1.69755,26.9442,0.0009310301870589951,44.0028657913208
4,10,-1,-1.69026,26.8899,0.0006636110932671664,43.1348991394043
4,10,0,-1.68468,26.8464,0.00039728927641539074,39.912205934524536
4,10,1,-1.69026,26.8899,0.0006636110932671664,43.39121460914612
4,10,2,-1.69755,26.9442,0.0009310301870589951,39.24866509437561
4,10,3,-1.7066,27.0093,0.001200061617338946,36.98809027671814
5,10,-3,-2.65983,33.5324,0.001520447498461392,37.414769649505615
5,10,-2,-2.64534,33.4499,0.0012034164447104316,39.0181143283844
5,10,-1,-2.63352,33.3806,0.0008890948190909368,38.598246574401855
5,10,0,-2.62431,33.3243,0.0005767081252039306,38.62016487121582
5,10,1,-2.63352,33.3806,0.0008890948190909368,38.78163194656372
5,10,2,-2.64534,33.4499,0.0012034164447104316,38.917075634002686
5,10,3,-2.65983,33.5324,0.001520447498461392,39.092209339141846
6,10,-3,-3.80998,39.9811,0.0019264455011543293,42.05206489562988
6,10,-2,-3.78806,39.8779,0.0015500602745722918,41.725210666656494
6,10,-1,-3.77,39.7905,0.0011779334191510116,41.467148303985596
6,10,0,-3.75568,39.7188,0.0008090305156869315,41.1190459728241
6,10,1,-3.77,39.7905,0.0011779334191510116,40.607136249542236
6,10,2,-3.78806,39.8779,0.0015500602745722918,44.01444911956787
6,10,3,-3.80998,39.9811,0.0019264455011543293,47.772014141082764
7,10,-3,-5.14024,46.2993,0.00242515340666767,51.76005458831787
7,10,-2,-5.10886,46.1732,0.001978316170768756,56.31456637382507
7,10,-1,-5.08276,46.0657,0.001537931294704475,42.784093141555786
7,10,0,-5.06175,45.9764,0.0011025135484189705,40.85341262817383
7,10,1,-5.08276,46.0657,0.001537931294704475,41.305033683776855
7,10,2,-5.10886,46.1732,0.001978316170768756,40.73078942298889
7,10,3,-5.14024,46.2993,0.00242515340666767,41.572038650512695
8,10,-3,-6.64692,52.5055,0.0030299183927089608,40.91998767852783
8,10,-2,-6.60369,52.3539,0.0025006367223286688,40.85977125167847
8,10,-1,-6.56738,52.2237,0.0019806400156444485,41.53686237335205
8,10,0,-6.53773,52.1143,0.0014677380407369688,41.08397912979126
8,10,1,-6.56738,52.2237,0.0019806400156444485,44.297585010528564
8,10,2,-6.60369,52.3539,0.0025006367223286688,42.43973779678345
8,10,3,-6.64692,52.5055,0.0030299183927089608,46.618109941482544
9,10,-3,-8.30073,58.5241,0.003740226145018176,51.83232641220093
9,10,-2,-8.24448,58.3493,0.00311849797206845,55.46373653411865
9,10,-1,-8.19658,58.1971,0.0025090866525417773,51.73449778556824
9,10,0,-8.15673,58.0671,0.0019092855389618076,51.933143615722656
9,10,1,-8.19658,58.1971,0.0025090866525417773,43.118194580078125
9,10,2,-8.24448,58.3493,0.00311849797206845,44.11497092247009
9,10,3,-8.30073,58.5241,0.003740226145018176,43.51256704330444
10,10,-3,-10.1245,64.4635,0.004577231778713868,42.09924006462097
10,10,-2,-10.0454,64.2415,0.0038464822691233838,43.06001615524292
10,10,-1,-9.97895,64.0514,0.0031340461670776687,43.21337342262268
10,10,0,-9.92407,63.8906,0.0024363791323054047,42.67235016822815
10,10,1,-9.97895,64.0514,0.0031340461670776687,43.198697566986084
10,10,2,-10.0454,64.2415,0.0038464822691233838,42.684574842453
10,10,3,-10.1245,64.4635,0.004577231778713868,45.405503034591675
12,10,-3,-14.0295,75.498,0.006568199414317178,42.46972441673279
12,10,-2,-13.9157,75.2325,0.005601177540732634,41.99869704246521
12,10,-1,-13.8176,74.9994,0.004661874642141061,42.626890420913696
12,10,0,-13.7344,74.7971,0.003744484133416901,41.70429468154907
12,10,1,-13.8176,74.9994,0.004661874642141061,41.306949853897095
12,10,2,-13.9157,75.2325,0.005601177540732634,44.56266665458679
12,10,3,-14.0295,75.498,0.006568199414317178,43.19006538391113
14,10,-3,-18.3803,85.941,0.009104621877231754,43.04300093650818
14,10,-2,-18.2167,85.6143,0.007850629177729216,45.65388488769531
14,10,-1,-18.0744,85.3248,0.006637864242220874,42.13924598693848
14,10,0,-17.9522,85.0708,0.005459247771418282,41.63340759277344
14,10,1,-18.0744,85.3248,0.006637864242220874,41.17607140541077
14,10,2,-18.2167,85.6143,0.007850629177729216,41.5967321395874
14,10,3,-18.3803,85.941,0.009104621877231754,41.46575117111206
16,10,-3,-22.9891,95.5686,0.012155438279042929,44.24596047401428
16,10,-2,-22.7635,95.1741,0.010569451632406576,45.00990104675293
16,10,-1,-22.5662,94.8227,0.009044628714601629,45.84544563293457
16,10,0,-22.3954,94.5121,0.00756937657841451,53.06911039352417
16,10,1,-22.5662,94.8227,0.009044628714601629,52.17431092262268
16,10,2,-22.7635,95.1741,0.010569451632406576,45.84024524688721
16,10,3,-22.9891,95.5686,0.012155438279042929,45.22389078140259
18,10,-3,-27.8313,104.527,0.01578147483189384,49.678218603134155
18,10,-2,-27.5334,104.064,0.013814825673080408,76.1429226398468
18,10,-1,-27.2722,103.65,0.011934224270712425,68.21310472488403
18,10,0,-27.0445,103.282,0.010123713040971366,67.17266654968262
18,10,1,-27.2722,103.65,0.011934224270712425,67.49372482299805
18,10,2,-27.5334,104.064,0.013814825673080408,72.54831075668335
18,10,3,-27.8313,104.527,0.01578147483189384,46.770564794540405
20,10,-3,-32.8127,112.799,0.0199724451883039,45.50969314575195
20,10,-2,-32.4329,112.269,0.017578388015603744,44.959349632263184
20,10,-1,-32.0985,111.793,0.015300452204999078,44.72914099693298
20,10,0,-31.8057,111.367,0.013118961410644092,45.04174733161926
20,10,1,-32.0985,111.793,0.015300452204999078,51.30601692199707
20,10,2,-32.4329,112.269,0.017578388015603744,44.83381652832031
20,10,3,-32.8127,112.799,0.0199724451883039,44.56941080093384
